"IP Address","Hostname","MAC Address","Vendor","Serial"
"10.124.26.45","safe-l1f5qixu4jm","F4:34:57:69:C1:AA","Juniper","Yq5bpjW5ECsD"
"10.85.19.48","disgusting-dcb7j","AE:77:A3:2F:A4:19","Cisco","aCknnEiWBNZC"
"10.71.8.15","erratic-qbkamwj9","6D:4D:5D:49:49:A5","Arista","eFvHiSpPjCYX"
"10.75.44.46","ignore-j6epw4h5s","B7:D8:80:D7:CA:B9","Ciena","f54qjYYj4WhA"
"10.143.4.24","string-xe40b53iy","05:21:A4:AB:73:17","F5","ioAa28dQo89Y"
"10.224.32.37","planes-h4x69v1d3","5B:21:E2:C6:17:FF","EMC","rXYxn48w6W9S"
"10.93.24.20","thunder-wz68o5j7","F7:80:5E:19:7E:89","Synology","DHs57VDjAfBr"
"10.119.28.20","uneven-7zy9xl1f3","B8:2C:9C:DF:FE:B2","Netgear","4p3W77KfoF6b"
"10.242.54.0","hateful-u42byx8w","F1:0F:7A:2B:6F:09","Fortinet","sEdBV39kw3xK"
"10.246.31.45","observe-r06nqu3k","D3:F0:A2:1E:31:F3","Juniper","F7RAABKKrXWW"
"10.25.24.16","insurance-g4081t","13:1E:65:83:67:B2","Cisco","Qr5w6jZfcNsz"
"10.220.5.0","billowy-ruxs7fyt","9A:5E:DB:8B:E6:87","Juniper","ur5FrVNMpMDP"
"10.209.38.46","mushy-4dn9wlfcqz","AA:F3:08:66:5B:8A","Cisco","sKawp7nWvAVs"
"10.83.39.33","clean-nry2khomz6","FA:04:63:68:71:81","Juniper","k5uiNgMhYPqy"
"10.12.33.49","chief-j8qt39az1f","83:20:97:93:5F:82","Cisco","Fv8dEZfDdwPn"
"10.168.22.13","feeble-znfumg89e","68:36:11:74:24:10","Juniper","WqyP6cPMZjCt"
"10.144.9.46","faulty-7093vstok","E1:29:11:6D:A3:3D","Cisco","MyQHnjkb92s9"
"10.167.0.3","misty-rlu41dq37g","7E:07:50:F3:97:A2","Juniper","FuDa3BsQABkP"
"10.161.1.29","stroke-3kypnqj7t","4F:E0:72:38:78:09","Cisco","hWgfQMhvb9o3"
"10.18.34.2","drip-e7o0lvx6rng","65:41:AD:BD:9E:EB","EMC","N8AFGbHrMoVt"
"10.234.27.6","join-rmnod7wh31j","78:13:4B:68:53:27","Synology","WEXoDHtxJhC7"
"10.119.12.25","use-kq5l19cziv7s","1C:FB:4F:7B:D1:FB","Arista","CcKsAX4XG25i"
"10.148.8.19","spare-vb2a5r3i9e","F5:CC:B6:21:30:20","Ciena","8sEfFhtbX5KX"
"10.31.29.29","colour-1gq8tlxa9","6D:2D:30:33:45:85","F5","WgoVAoJ4PsCd"
"10.192.46.25","ship-97jvdf2ir01","31:42:88:6F:CF:DE","Arista","TitmstNZAqPY"
"10.176.29.48","well-groomed-g46","46:24:4E:DA:CB:96","Ciena","abZFLwGXCxwX"
"10.76.54.47","decorous-dl15vuj","24:3A:1E:F6:2D:E4","F5","yrr4kgwqFZEn"
"10.74.37.44","force-krg3w2vc96","E1:F4:A8:99:07:10","Arista","wmLShVFeUnAp"
"10.30.19.0","bore-ib3eaqczgko","0B:CF:C2:E6:07:07","Ciena","UDjGbF2Tbz5n"
"10.149.1.29","borrow-2qrlogvxw","81:84:8D:EF:40:AF","F5","iADEmQKKKCTJ"
"10.22.47.45","bear-qi0hsumt5lr","0B:D9:19:E9:76:D0","Synology","iLYcDwVPjrbf"
"10.104.26.16","orange-f5jmc3a1v","1B:4A:59:69:F4:76","Netgear","FMBo2LADDRtq"
"10.221.42.53","turn-bhzx31swaq2","24:79:89:AC:E7:09","Fortinet","3V63tggQXHJ8"
"10.129.43.52","distance-ywlozga","AD:68:AD:D6:10:A0","Juniper","vBrkMNViizkR"
"10.77.13.39","call-3qdgp1w9l42","D9:33:5C:9C:F7:DB","Cisco","vinAYdFZazfY"
"10.220.25.55","brown-craw12bip3","25:97:38:A9:AD:22","Juniper","Vkm5Kxm6ZMfx"
"10.222.42.22","leg-uahogwsm23le","85:12:71:F0:77:2E","Cisco","JyaHMY5PVBLU"
"10.159.29.27","pleasure-x3soaz8","A2:DD:4D:4D:73:39","Juniper","FbtwiQVseRve"
"10.77.25.32","cats-lxaj7bhtk9v","7D:BE:72:09:91:B6","Cisco","bCJPNBTrjg2B"
"10.28.52.46","yarn-xd3iklnyb50","A7:DE:4F:15:35:47","Juniper","dqKQgVk7CtRP"
"10.163.48.24","bat-yk4lbsiv6nod","34:97:F1:45:E2:7B","Cisco","u3MaiEazQDmG"
"10.172.3.28","warm-i8sq9w1emxc","89:05:D9:D3:CE:2D","Juniper","kfaMtGH3q8Dw"
"10.44.54.3","gate-j1cemf8kq92","3B:EF:E4:A7:C5:FC","Cisco","AMKARLT5asXt"
"10.158.7.3","fear-29izafqrhp1","B5:EF:A8:DB:A0:0E","EMC","sz5ehcXxjagK"
"10.51.14.39","stem-jfoima2cqw1","EE:0F:50:97:2B:1D","Synology","mXJf23YRAaNj"
"10.232.22.41","form-mqpi0c1n6th","3D:5B:2A:22:35:45","Arista","5o6Vgq4T8dmw"
"10.159.15.53","dirt-acwxmygk4s5","25:EA:5E:69:42:49","Ciena","UWfiv8rwUX52"
"10.228.35.17","waggish-wkfqmeh8","E9:8D:43:14:FF:21","F5","pFRpVKyGPvGi"
"10.245.4.23","grass-el7yj02dbq","46:34:2E:C9:3F:87","Arista","DjBTJmv94VHu"
"10.124.22.27","melt-gcvxhb92sq5","73:1A:9A:6A:57:DB","Ciena","H5wpJjT8HGNx"
"10.14.25.24","kiss-zib431c6d7q","7B:15:6E:0B:14:05","F5","xpWnKzjDu4Zi"
"10.111.47.32","toy-1cu8v4i3620o","BA:A6:79:71:02:F6","Arista","KWMUpAEikRx3"
"10.230.12.30","hard-to-find-d4x","D3:A4:38:DC:CA:A6","Ciena","hnCyE3z3necL"
"10.76.54.16","refuse-p6u95ekbj","ED:B2:31:1F:F0:21","F5","PxKSSe9XKK9V"
"10.152.17.25","racial-3h6d9fwv8","67:8A:7F:59:97:20","Arista","yovJEXhk68qx"
"10.139.10.30","verse-cszmwbn98k","ED:B7:76:9E:FA:9B","Ciena","benx9kCKxEg2"
"10.156.5.9","carpenter-nm1gpv","0E:43:CD:AD:B5:39","F5","7TczCXGew2P8"
"10.176.47.16","efficacious-o7lc","DA:07:24:BC:6F:02","Arista","tZmu6fbiYfiV"
"10.65.23.44","wealthy-buslyjtk","5C:5E:80:8B:87:F0","Ciena","dfiwBAusQn8q"
"10.94.31.47","heady-7zc0pws385","B2:7B:12:C2:21:30","Juniper","GKk8a57pSh7t"
"10.239.12.44","gentle-2s8v3nohq","71:68:DD:FE:30:E0","Cisco","hSHwhfg9w9aA"
"10.2.4.14","man-9pb37f42wl61","30:7E:75:6B:F9:45","EMC","RJab4FGj9Zbp"
"10.6.53.47","order-0fe9xyzhls","BD:08:58:3E:50:42","Synology","RGYEZAh9FzgA"
"10.87.3.23","prefer-29s8adyt7","E7:BD:16:CB:B7:4F","Arista","X4iaJiMPt353"
"10.69.13.25","illustrious-oydf","B3:77:EA:50:C3:DE","Ciena","bGzSmmt8Q6Qb"
"10.41.17.13","boot-5vx3bk1fmwe","E3:F4:0E:7B:91:15","F5","hxQMzigAYzt6"
"10.37.12.49","peep-24kc6mazbsf","F6:AB:16:40:19:A8","Arista","9AtgrkKoXDZu"
"10.129.43.20","itch-agfrd7no8hz","B0:74:9A:93:81:0C","Ciena","MsKFkbyNYQ3z"
"10.85.13.37","clap-c14s09utfg6","30:0F:4C:47:86:93","F5","J8FeN7pcubha"
"10.16.0.41","seat-7ag8z2xj0vh","C7:BF:B7:1A:E1:25","Arista","kCVXhGmSqdPe"
"10.125.41.28","tap-5uj2w7ri1sad","6C:6B:05:88:77:43","Ciena","EqjZtAxGSmAG"
"10.149.32.6","playground-jy1gw","E0:33:BE:89:1C:FD","F5","ziCguAtsYsBf"
"10.56.54.55","unadvised-kua4j7","CB:29:50:C9:D8:93","Arista","XnfY9vGwjRgB"
"10.153.21.32","dull-atmvqx4bl35","48:09:64:DC:70:CD","Ciena","NsYpqRz48Wfr"
"10.204.7.20","mean-5gd2xvsir1j","69:3D:06:DD:5E:E1","F5","KmEHX4rX6A8N"
"10.21.11.35","perfect-ow7icser","BA:BE:E2:A3:C3:78","Arista","RM3gSHagbBGJ"
"10.159.29.54","cap-ejv0mqaiybsf","38:A6:4A:50:8A:5B","Ciena","P5bxUMF7DzaN"
"10.150.16.11","part-75ign1djbr0","FF:7D:16:63:57:6C","F5","nFB9ZmxZnGtA"
"10.136.2.51","onerous-qu6t8nvf","7E:5E:BD:92:F0:0A","F5","9ugSB5mJ38wF"
"10.115.28.36","maddening-qfv8io","FE:C5:20:45:02:E2","Arista","qpqqYYUL2mKc"
"10.225.29.24","fang-xs4uczmqtgf","E6:45:4B:95:5B:89","Ciena","hQF3jgaJE7ke"
"10.9.30.1","mitten-94pha61tz","56:A8:71:D7:B3:91","Juniper","5KSbwsFSPq22"
"10.4.39.7","silk-vw4gmftrpuc","7B:B6:3A:AE:54:A2","Cisco","XvRNFLs2PnbY"
"10.197.39.28","fat-f3adwqy8i6nt","79:EC:93:D3:A9:A8","EMC","2CVGM3SNeezb"
"10.50.40.39","pedal-4cynq02i3b","0F:D6:F0:18:F2:E7","Synology","Ez2C69DPEZer"
"10.132.0.52","wooden-uba71oqkm","84:D7:17:D2:D8:B9","Arista","umuzPQXute5b"
"10.27.17.20","abstracted-bkh38","A0:99:FF:72:A8:ED","Ciena","3b7wkx4j5e7M"
"10.38.38.8","roll-n09xwt2vc1l","8A:49:7A:62:B8:E3","F5","C7BSEd8gyHce"
"10.248.20.26","voyage-gcdik9q0v","05:31:DC:5C:BB:32","Arista","8SoANDGHi3Fo"
"10.19.55.20","sedate-ujzo3e6mk","68:3E:FC:FB:5F:AF","Ixia","tewGKbDZxVDZ"
"10.147.48.2","smell-5theqry8az","B8:8C:90:C1:56:45","Netscout","mFLhipNXQTrM"
"10.233.19.10","tart-q5w8ov6rs4k","8B:CB:11:5F:79:82","Spirent","BkrPhboqcu3h"
"10.149.41.54","appear-nas65lcf3","58:51:13:EB:35:D2","Cisco","HZUuNccufcA2"
"10.62.20.11","ritzy-y2a40tqhbc","89:FE:62:B6:16:02","EMC","4q3hEzN8yDre"
"10.152.5.31","rifle-nhwg80fvrs","A2:63:5B:53:28:DE","Synology","sdJ64REHpwCD"
"10.69.49.37","violet-ofvwc5p0s","F9:D1:6A:6E:B3:D6","Arista","NWS5e5jJQDRK"
"10.131.49.42","sleepy-k2ga7hvyo","E9:6E:61:5F:89:4A","Ciena","Gk2CnWq8rq7Z"
"10.220.4.51","squealing-dkm6qz","AB:AD:DD:ED:39:DD","F5","Hc9TzWX64R6t"
"10.140.54.35","sophisticated-0u","8A:DB:0E:A4:03:E9","Arista","4U4ZCCj6Wa2C"
"10.237.32.51","need-zqeuhja5brd","67:F9:66:D0:0F:AC","Ixia","nKQPgUZVxHUh"
"10.123.5.7","laughable-90qohb","9C:AE:54:30:95:1A","Arista","v85BACb5atYv"
"10.162.51.45","yawn-b67r023gux4","7A:C7:BC:2C:B4:3A","Ciena","v3AASGUA3gwg"
"10.137.7.8","dream-7vr3zi0qwx","FF:A1:09:E4:1D:CE","F5","AZmoL5pQKPmx"
"10.54.46.17","encouraging-7vzs","31:22:8C:70:FF:B7","Arista","JbEndF2vNnvk"
"10.58.48.40","internal-shdeawp","77:3F:7C:5F:0C:46","Ixia","fs9UdJCWk4zy"
"10.205.3.16","spoil-h0erg68xvi","7D:D8:B0:BF:32:BD","Netscout","SSdCJ7vrW7Mq"
"10.67.1.28","mother-25f68nkb9","02:4B:2E:D8:3F:AA","Spirent","LTNe5WjL9kBf"
"10.41.18.3","instrument-rihfz","6B:08:36:79:6E:38","Cisco","i7kWdxPeS5ut"
"10.136.26.1","baby-zmoiq3xk71h","48:7D:2D:AA:51:40","EMC","75dggVpv7v4X"
"10.79.30.45","provide-6v5gkua8","CD:73:F8:1C:4B:AD","Spirent","JnHd9fDvojED"
"10.237.51.13","salt-oiknybzmsrp","53:35:15:B3:0F:28","F5","dDoqfadEWg5e"
"10.31.21.32","camp-v2o9phyfwse","7D:5F:2B:41:5F:9E","Arista","98aCiKc5rby4"
"10.248.42.5","jolly-w7sbkdinzv","24:4B:48:9A:52:B2","Ixia","6Pizg9BXEhNu"
"10.63.39.23","fierce-1w5nrhlcx","3B:F2:D5:BA:B7:97","F5","8A265gaLgVR7"
"10.39.55.21","vast-gol3ati0dbm","13:A4:C0:B3:4E:BA","Arista","yEQ2KeCd8Yib"
"10.210.10.31","space-ehrw8x2k7a","78:BE:FC:84:B9:23","Ixia","7kEMX3y9acCg"
"10.75.25.1","scintillating-jf","13:6A:44:1E:CA:32","Spirent","byyksAMUyV3A"
"10.178.40.12","rebel-uep48v9jxh","E9:40:85:F3:48:2F","Spirent","VnvmgFLPcG2B"
"10.184.14.24","knee-rvlgabnxtj8","2E:0F:9E:69:FB:71","Arista","xbnofQuo9yFE"
"10.124.37.24","draconian-7j42ni","46:C6:F4:99:FD:E6","Ciena","6CudWbwtwj4D"
"10.120.4.19","smash-3brip4efo0","E6:EB:5B:FB:9F:3B","F5","yXfpXByEaqb7"
"10.131.30.40","better-t1sld9gfe","06:B8:71:0A:A5:FF","F5","vmuUYC5bX8nb"
"10.232.48.0","pretend-ibl6o9n2","01:1A:DB:72:51:89","Arista","eZxtNfFCoKsL"
"10.78.24.20","yak-h9ixov430arc","E7:2D:29:C6:E9:A9","Ciena","RrqPCMCTg78Q"
"10.215.50.33","auspicious-a576r","48:85:64:AF:19:61","Juniper","qi9p5bP7JWRo"
"10.184.28.18","quiet-nw7cg0zl5s","C3:4A:7C:35:B8:5C","Cisco","B6DKiPMMCSxG"
"10.15.30.37","uncovered-ufb1zk","21:ED:B9:BD:BD:6F","EMC","QAkduGLctRcq"
"10.27.50.48","bomb-tk0i9fyb35g","AB:0A:FF:ED:AF:0E","Juniper","u599FmUeWWWG"
"10.96.26.47","condemned-9zxq0d","2D:FD:F6:50:4D:96","Cisco","QjXUbTVQaqpA"
"10.168.41.29","romantic-1573ab9","11:20:4D:DD:8B:E0","Arista","KfZRvDHBHQ9x"
"10.131.23.51","low-92onq65rtgix","9C:1E:BF:11:22:E9","Ciena","mLCSt2MQAgiK"
"10.72.34.29","system-7p4u6a0z8","91:F9:88:41:D8:C9","F5","w8eFce9UXbRP"
"10.154.0.15","abject-ux12r8ehy","2D:E8:17:4C:C5:73","EMC","DeEbUQ2Mh7cF"
"10.232.34.1","dinosaurs-jivs8g","A8:CE:DE:7A:19:27","Synology","sHN9wdH4AwSi"
"10.63.37.47","vivacious-028oaz","6B:F8:CF:0B:BE:EC","Netgear","23yXekrtH65c"
"10.119.45.15","meek-n42bt36imlu","F5:49:9F:97:92:B1","Fortinet","uF3cRA6psQY2"
"10.59.43.14","fasten-1gyvsud38","F7:99:C6:37:ED:F9","Juniper","wxx5wxZa6G8G"
"10.132.23.12","mature-otafqyr57","8E:8E:7E:94:AB:42","Cisco","gMNUKMStrJjy"
"10.70.29.13","makeshift-rozgwc","CC:04:71:CE:92:1A","Juniper","md3eBrBWARve"
"10.82.7.54","nod-gx9lyuaq6sb5","EE:C5:E9:57:0F:66","Cisco","Yb2SrumzidJ2"
"10.145.43.33","sparkle-154wxhrk","95:55:DE:CE:B7:69","Juniper","6pFu83ATAXWC"
"10.114.15.45","giant-cf185pwndj","A4:80:A6:06:48:8B","Cisco","UpP4Vd6NDRmS"
"10.248.30.33","thankful-vjlinpk","9D:F2:17:95:2B:62","Juniper","gWTrCutk6WGT"
"10.228.27.8","drawer-s24h1bjxu","35:7A:1E:FE:BA:4A","Cisco","wcQcT6gfitST"
"10.44.12.37","taboo-avuyozemtr","CA:12:5E:9E:15:A6","Juniper","mcRx82Z735PT"
"10.25.31.15","substance-r3qn6e","81:9F:C2:63:3E:23","Cisco","NxH2QGuPLcu6"
"10.193.41.46","four-9hkgoe2dsq6","B1:B1:01:EF:8B:07","EMC","gnhgLCF3x6hc"
"10.65.36.0","sturdy-dp05zvsxt","85:F2:9B:DF:CB:89","Synology","afAigYxG8rVQ"
"10.64.23.24","absurd-he4txyk5a","50:C2:ED:9D:3F:9B","Arista","t5ABHL5sPFaU"
"10.105.45.9","tour-t8ly6fmhw4z","85:E0:99:33:70:84","Ciena","SeRmnuw8wKhK"
"10.93.24.33","jump-d0efbc7h4pr","93:83:5E:50:BD:54","F5","Y8jskcVPS2Mi"
"10.103.44.31","meat-sqn60k24jxe","75:40:57:47:25:E4","Arista","mWnkbjme683g"
"10.43.17.18","irritate-n5yk934","36:DF:FE:CF:6D:B7","Ciena","mxTJdJxcD7AQ"
"10.213.15.40","shiny-crlymhdv3k","28:82:DC:80:18:FD","F5","iXDzFApSERyh"
"10.245.16.43","general-9mur5xtg","96:9C:38:95:61:A7","Arista","YfxtWjESHePP"
"10.65.11.29","label-6n4jba0p52","A9:A8:10:85:E0:F7","Ciena","Z9ZWNjkDCo4f"
"10.207.40.40","scold-w6n7yh8kov","4C:43:C5:1C:32:7C","F5","fdM6mzcgZzTf"
"10.85.3.14","wing-u5y69volm7i","E6:C2:83:0E:BC:50","Synology","eyk52E4L5esq"
"10.130.48.47","avoid-hmwj0q45r6","25:4C:08:75:2E:43","Netgear","oQ6jQNDuEX2i"
"10.238.50.5","walk-vl2xpwksb0j","8E:FF:7E:F3:D1:E2","Fortinet","hKLDccxS8Y7P"
"10.117.16.51","necessary-fwx7m8","25:96:60:3A:71:CF","Juniper","Csr5eAoKD7Kn"
"10.230.55.10","border-w3sv1dqpn","FC:19:6D:D1:1D:0A","Cisco","s9J4FWDZSB7C"
"10.170.14.24","scared-qxhsf8c1n","14:8A:1D:D7:C6:33","Juniper","kHp8RR2K6tmh"
"10.45.8.8","taste-2v5qih9f80","81:71:65:95:81:4C","Cisco","atc9oGdBBRJq"
"10.200.40.10","cows-yvzdf706n5m","02:58:85:A3:4C:98","Juniper","e9UBHn75a5qA"
"10.26.23.14","weather-2flbp8qi","82:91:41:7D:C2:16","Cisco","Ntj53oU2AnKk"
"10.53.26.20","kill-5u9gima1yqp","50:5E:57:E2:AC:96","Juniper","SZs6grJWSEsf"
"10.16.22.12","ragged-a5n1xrihk","DE:9C:F2:B8:69:4E","Cisco","jxaRpxoFPAcR"
"10.12.32.1","slave-io17a60nuj","A9:45:C5:F3:28:09","Juniper","XQzLoAy3apPD"
"10.252.8.47","hot-udio3cqbemzh","15:BE:82:B7:3D:0F","Cisco","SJBhRDHK3m4K"
"10.167.36.45","level-l52sk7wo1i","6D:25:91:59:AB:77","EMC","sMLHEu6bdzAp"
"10.76.39.54","toothpaste-6sdga","F8:BD:C5:29:0A:DF","Synology","bqwP4iELRzks"
"10.81.1.38","floor-5rh6yjl7p8","2B:FA:66:1E:08:19","Arista","KTNnjDQAiftW"
"10.100.47.31","touch-rl57q9zcj3","37:9E:DF:7F:E1:D1","Ciena","8A8VXM8juYDH"
"10.99.33.31","salty-4k7g8oevrh","B8:3B:68:E6:5C:91","F5","ELjdf8aeUJ9n"
"10.120.7.51","start-1r5x8ycjpa","E4:FC:6F:C2:5F:8F","Arista","wHwzFC6fxCxq"
"10.172.53.36","church-lmera4uno","37:B5:48:75:64:9E","Ciena","uDa2uGuotEAy"
"10.255.25.19","precede-2e7yb8no","D1:A2:FE:7A:68:FA","F5","4DLHaTy2gQnq"
"10.25.42.32","ahead-ev8j1wa6ks","15:C9:4C:F7:7F:13","Arista","25DRmc2NV6FL"
"10.139.3.3","rice-i9g05zcrhys","C1:DD:29:7F:C6:61","Ciena","vgXJqEcuCkuX"
"10.39.21.29","screeching-61pk9","BB:93:85:A0:B3:14","F5","DXme38wXttZP"
"10.7.27.31","momentous-tcp53b","75:B8:1A:1D:DB:8B","Arista","AnKcWkGR23CB"
"10.205.41.16","cover-41l0s3gve9","F7:1E:64:B5:FD:37","Ciena","y8GUaPTpf8bM"
"10.12.41.3","quirky-9bn15rhge","B2:2A:1C:9F:C7:37","F5","wGyYZTDhkfhy"
"10.83.6.5","whisper-2vmokfrj","FB:DA:E5:82:EA:27","Arista","vYU24gRsJzJX"
"10.136.8.4","island-5uy0etg3h","40:3F:B6:95:99:D6","Ciena","jXdpgSV7mi5o"
"10.229.44.34","sign-tf91y5kcxr4","70:17:4C:D1:06:72","Juniper","bHSWd8GvS3Am"
"10.32.8.51","fit-97t6aep0clhy","80:22:0A:28:79:F0","Cisco","bKZGKJo45JDP"
"10.137.47.19","satisfying-7xbk3","1C:50:EB:D5:23:DB","EMC","gagCLcNYKMLU"
"10.253.28.22","payment-0sw9xtoc","50:F8:56:6B:A6:DB","Synology","Jp5qHSCz7uvP"
"10.89.12.8","rock-lrtc0yxs13p","8C:E0:7C:81:FA:18","Arista","Cboto2ots72f"
"10.219.29.51","knot-0pwc1l43h5j","4E:59:D2:69:9C:C4","Ciena","QErJrH58fnvh"
"10.132.31.33","buzz-3wr9a5yehzo","D3:53:3A:D1:CA:96","F5","ZJDyi5FpSLPk"
"10.225.3.11","harm-s7eqcr1wg8o","0A:F8:74:4B:A8:3B","Arista","xevJGWtdvy7W"
"10.81.11.44","cat-gwevn204hkol","21:E4:B6:74:13:0D","Ciena","LCHeBTjba5cs"
"10.74.11.37","screw-w0x24kny3a","00:14:40:03:B7:D3","F5","SAnpHb9Cv3m4"
"10.10.52.49","flaky-9mac54jzsh","DF:DD:BD:DA:EA:3A","Arista","tTfKVWHpbRLR"
"10.131.5.28","useless-lku39gef","3F:8E:EB:EF:1B:9B","Ciena","PtpsVAidZbNX"
"10.160.22.36","open-5eojhmkuarb","4B:BD:ED:3D:57:AC","F5","BQLe7yYBN8jM"
"10.77.10.6","switch-cdriwskvq","3D:18:C8:42:DA:3A","Arista","3yHgiM75Ea6d"
"10.187.49.5","needy-47yae23qmd","39:0C:36:03:2C:58","Ciena","R5mXbTm7yntt"
"10.225.19.9","leather-hm5gap6r","81:FB:88:B6:D9:9E","F5","pVZmqpNhCeGM"
"10.163.33.32","profuse-u8xg21dn","6B:11:54:FB:9A:91","Arista","YdnR7rkyshg5"
"10.242.40.7","claim-i5zbqxdol6","58:77:92:C0:62:81","Ciena","LE5Q7rc6hSjZ"
"10.121.13.52","jagged-whsj0c385","61:6E:0E:61:9D:BB","F5","xZZCsd89MtMh"
"10.81.51.1","barbarous-x58ks0","84:B9:CF:3C:88:6D","F5","pKKzLcReb3Ho"
"10.118.14.37","house-o2pxdkztiy","20:D7:F6:D2:35:EA","Arista","gKzvoSrKZGWR"
"10.185.50.24","plantation-ac4zb","95:91:10:E2:8D:F6","Ciena","9rS97BE3H5dT"
"10.149.34.11","rain-l4dhgi5ernk","41:21:6A:7B:A8:66","Juniper","A8ta9TEY7Hun"
"10.188.39.34","desire-bwd9omvpk","BF:4A:59:CD:8D:8D","Cisco","EWQEjFfhdj23"
"10.147.22.46","paper-edlpytrgxn","65:89:B1:91:65:83","EMC","FgPWqQRPEoqc"
"10.159.43.6","limit-fcubkx10sl","E8:5A:C6:D1:A3:D6","Synology","Gy8pCCyqYMVm"
"10.215.17.48","current-vqueojzb","6C:AB:55:CF:F1:15","Arista","yCJwXjhm9Lf2"
"10.67.41.11","time-rgpletvyk1h","B4:E5:3B:3C:C6:1C","Ciena","9pvvuH5f6RkY"
"10.45.48.15","gainful-poklt27v","66:76:72:A1:ED:DE","F5","oHAgXt2BP9bx"
"10.110.22.54","wanting-synkdb2c","8C:22:05:01:27:B7","Arista","Du6f9yVGX9Zt"
"10.140.18.18","bite-okgs5vnhafy","68:BF:39:D1:E8:74","Ixia","KchyitKZncmo"
"10.170.55.43","ceaseless-qshrgc","FE:EB:E5:85:0F:8F","Netscout","zjvFaWWBYNLt"
"10.143.18.19","brash-snk9m7opda","1B:40:EB:29:52:F3","Spirent","rGccu325978v"
"10.7.3.32","festive-syw16q97","5E:90:C7:45:8B:CD","Cisco","kofeRpRQatRq"
"10.161.52.29","guitar-h0xmfsu53","CE:1E:59:C7:02:4C","EMC","YMsGyQ3fdF3z"
"10.191.42.55","agreement-3uq4f9","B6:E4:84:32:4E:26","Synology","NgzRdgKGCfK5"
"10.204.47.22","thumb-106k9iwl83","21:CC:8D:1E:4A:94","Arista","xAcq7wN8Ebpo"
"10.207.10.23","long-term-5ne47h","1D:60:BC:89:1D:7B","Ciena","P85MjnfgDPEE"
"10.246.7.52","right-yq2n3658wz","14:6D:EB:48:3C:6B","F5","wb9QRDeXCsbF"
"10.140.12.21","dangerous-jx7fay","0A:0F:A5:A7:91:77","Arista","9uw4vK4ZVZm8"
"10.121.50.23","victorious-q5szy","F5:A7:C3:34:04:09","Ixia","ssZse69nj8dZ"
"10.167.21.17","flimsy-ai27qpfcm","69:9A:2A:0B:E2:F5","Arista","8vjFZiNsfxHH"
"10.145.53.38","noise-b1rf34pldo","F0:DE:38:0B:A0:AE","Ciena","PzJApADyRDGf"
"10.226.22.2","zonked-aty3zfko4","72:5F:2B:C1:DE:C9","F5","3awvd8wUVaB3"
"10.156.21.3","mask-6brmyzshvuq","46:A0:3F:7F:1A:1D","Arista","yseZRgqMJatH"
"10.252.51.36","educate-9b678y0c","A1:79:B3:39:B7:C1","Ixia","B4iZrdWwRRot"
"10.22.13.33","cream-tcimnha2gl","00:9A:66:4D:70:00","Netscout","u8w96L5BnUaY"
"10.99.49.7","fork-9erojdutxlb","26:5C:00:79:86:31","Spirent","Hsftw92tRovD"
"10.182.21.0","eight-o4h0b1it3m","89:29:1D:21:DE:32","Cisco","H3Q22gkHpit7"
"10.0.41.10","choke-htvqemp7lj","99:47:A9:2B:62:D0","EMC","cux5t4kAJuhd"
"10.99.34.40","tranquil-ltv4xhw","70:24:FD:A5:E3:E9","Spirent","CrKCetxjhEo7"
"10.211.8.4","minor-0m73zbrf2w","7E:F0:04:7B:CD:0D","F5","qUWuweEji8Eg"
"10.170.35.8","fallacious-1zykj","7A:50:ED:19:0A:19","Arista","UAkMVwdgCwRv"
"10.112.10.35","owe-51rnm2k04cvw","3B:03:A6:F5:11:FC","Ixia","KyAav9SeWcB8"
"10.242.8.24","cars-8jtbre1zw6q","00:7A:94:16:7D:80","F5","qYUZqrmFkr2d"
"10.242.14.37","match-5f6bwvg29p","15:B6:AB:47:BD:D1","Arista","m7qAjESoQUSF"
"10.172.3.16","soothe-buaingpqo","26:B0:45:B7:5B:30","Ixia","HJMCCJiBfbvX"
"10.43.18.53","development-zabq","DF:5B:26:02:BC:74","Spirent","awb2bMyTfb64"
"10.240.12.38","deadpan-njw3cbmr","B9:05:32:FB:A0:82","Spirent","zaRrR8sT9Rfe"
"10.49.2.28","cure-mxhdv23fy0k","84:0B:3C:46:F2:F9","Arista","3HpbdXLwrQVP"
"10.45.1.51","wish-c6wagn3k8pv","A9:5F:DF:F0:E2:BD","Ciena","kQYDwKYSnhRA"
"10.63.5.55","spy-6bezoc4n2q0d","9F:7D:D7:02:A0:7F","F5","oYEnoLMq48ar"
"10.171.13.47","houses-a7oiygkm3","7C:3B:A2:46:90:D4","F5","z4FncHVznGzF"
"10.43.16.8","secretive-ucvdwi","80:B8:79:91:1A:EF","Arista","Y7YNuMPTrX2b"
"10.89.55.38","jaded-1zlucfsr4p","4B:55:17:9B:25:CE","Ciena","xvDf52Qbacr9"
"10.10.27.23","last-sv0qorphkma","A9:DE:17:1F:BB:6F","Juniper","8CcKiTsrF4zk"
"10.88.19.29","deserted-m5w4lfh","2A:FC:3D:DE:0A:B9","Cisco","G6CS7RgL2iCg"
"10.255.37.27","freezing-mj3t1nd","9F:CC:CC:26:1C:A7","EMC","ehZQ8KTJYWjR"
"10.0.13.11","business-wytcms0","EB:EE:3D:88:9B:2B","Juniper","FJXxAPQHWWnG"
"10.124.28.47","sound-6l5wnqtmrp","57:73:9E:15:93:39","Cisco","hkkaFkcdQzRp"
"10.247.42.39","careful-6ou7l8sc","79:E9:83:AE:3E:7C","Arista","aZ7Vboy5D9Cv"
"10.199.25.42","shirt-4dqhcix02n","71:31:D4:27:0C:28","Ciena","ZQMnPNqNMvRZ"
"10.164.30.18","clip-7xby349vm1r","14:E7:00:02:60:D0","F5","TqwAuNSsG76Z"
"10.146.35.36","quill-pidlywtfa6","F9:10:55:2A:50:BD","EMC","ZLKGByJef8eG"
"10.53.39.44","descriptive-cz4x","56:CB:54:5D:BD:45","Synology","QYcx9NhhaCHa"
"10.237.40.1","cheat-gqn0l5b1km","A2:1B:9C:01:8A:0F","Netgear","52FLX3txkfhv"
"10.142.21.25","certain-phyz6a3d","D0:58:0C:A1:24:47","Fortinet","7tHYzJzDUY3Y"
"10.209.28.21","knowing-1kl5xdte","FC:DE:5B:6C:E6:6B","Juniper","MksnpKkj3poC"
"10.0.21.0","moaning-2m89u35z","70:98:15:32:43:D6","Cisco","PutMEiV5Yj3v"
"10.130.54.26","rabbits-an03hxqw","D9:E0:A5:B9:E2:66","Juniper","QzAKCNc4jBEZ"
"10.3.0.29","place-erf8sczh5d","AD:D6:33:2E:C5:D5","Cisco","yaH5oqxN6w9G"
"10.185.17.49","meddle-ig03z5pkw","F8:33:1A:07:BF:20","Juniper","RASEk5naE92K"
"10.172.21.47","gaudy-thno18jxb0","DA:7A:10:44:A7:55","Cisco","37kbepUNU3Sm"
"10.34.40.41","coach-rcsa20v8wq","C6:F1:74:3C:82:B7","Juniper","VTsTBx8srp8R"
"10.48.46.43","fail-wunhktrdjys","4D:00:BF:0E:A9:F9","Cisco","MJ6UYubnTXL2"
"10.242.34.20","extra-small-ilh4","4D:87:30:DD:CB:BC","Juniper","nPeNyBcQXc3N"
"10.75.9.27","moon-3aonjqvuyp4","E5:28:63:58:C2:0E","Cisco","zTczmN5LyTUY"
"10.97.10.49","secretary-zuswjt","71:4A:DA:E9:47:09","EMC","hMQ7oU8PVJiK"
"10.95.8.32","argue-atroml8wxn","3A:FC:C2:D3:2E:D1","Synology","DKTRHpDPcTz5"
"10.49.5.37","faint-tdqlfvk4n9","90:73:71:7B:07:D5","Arista","Lwu2srU3Mkbf"
"10.20.45.40","squeeze-1gotzkbv","30:51:B0:87:3E:5F","Ciena","UbTkVLUg3uw3"
"10.95.28.32","womanly-6sik3c1p","B7:44:68:F5:CC:71","F5","huaBqvyh6ixk"
"10.177.55.40","sore-mpyjtrwus9x","88:75:C4:E5:64:1D","Arista","JRijqiMkEzmH"
"10.68.40.41","shelf-knmwuel5go","33:EF:64:A9:8F:AD","Ciena","W82yCRTy4BjR"
"10.131.46.15","disillusioned-5p","04:BA:68:7F:FA:48","F5","G7AUNHbdRrCA"
"10.192.50.48","nutritious-81edy","EF:40:57:3F:E3:0E","Arista","zeeADMXBCQMB"
"10.99.39.40","weary-x6si5lzagt","36:BB:9F:5D:2A:82","Ciena","sGhKnYoHZseA"
"10.66.2.50","rate-7ws9dro3p5m","7B:25:3E:64:F0:97","F5","JkNFa8bLEW45"
"10.170.43.14","adaptable-qr7khb","51:FD:5D:17:C8:E0","Synology","ZvKFBuPD6DB7"
"10.56.30.1","chilly-7zpkjsl19","77:75:29:59:0B:5C","Netgear","gW575XbKaKkf"
"10.45.10.26","grape-6od24qailw","DE:DC:85:15:AC:83","Fortinet","HkWTChx7cgcA"
"10.173.20.31","old-fashioned-z2","0F:AA:05:3E:E3:49","Juniper","xdogwgdqAQgm"
"10.14.42.12","coal-shx2k9i70mb","7D:2E:C5:12:2F:E1","Cisco","iLQHEUQkXgv9"
"10.152.2.18","sassy-ozyc6m9gh5","D5:E3:44:9C:6B:D9","Juniper","iYSpoWymVpRh"
"10.4.55.9","courageous-56fp8","75:DC:89:90:96:A1","Cisco","6wFpfiQ9xqHM"
"10.24.46.46","grip-j1wiufx50mn","14:BB:35:17:15:51","Juniper","ZBXy9so6pkt7"
"10.151.7.13","glass-q8tgvby9hs","6E:68:A4:4F:34:5C","Cisco","NHyhDocbzdsf"
"10.32.8.5","like-m0dyvgc65tj","18:97:60:78:B3:5E","Juniper","exzFRdWRePJj"
"10.97.36.17","aback-t2ih4adclb","EE:9B:FC:2A:17:3A","Cisco","5sWoo7XpcY9u"
"10.37.33.39","wood-yoh85nx2wks","CA:1D:1D:33:B1:62","Juniper","hWiEMXVKTyyu"
"10.76.3.41","exuberant-ander0","F6:5D:CB:04:40:D8","Cisco","nykcGqa4aFgy"
"10.195.34.5","shape-fbmnrdaus4","B3:46:04:07:78:C7","EMC","BQXTFo3h2vxX"
"10.154.42.12","sneeze-1n5gc2edp","07:4C:18:C0:72:69","Synology","fUV9dxHCpn5M"
"10.126.45.18","hard-dhi09bcpmx7","31:72:C1:2F:F6:66","Arista","JAVW7Y8YFRGj"
"10.99.25.14","maniacal-curt9kp","A9:78:38:2B:17:A8","Ciena","vr2F47zQBbjh"
"10.138.13.31","learn-gx30uprs4w","99:98:30:BE:A6:78","F5","T4GVvCwEz6nH"
"10.47.46.53","disappear-ih5js8","55:56:58:6F:02:59","Arista","BUfAZ5E4g7Va"
"10.110.3.52","futuristic-slpqx","E7:1E:C6:B9:A4:DD","Ciena","aR8raC9JAiZu"
"10.86.50.47","canvas-y61f2lptq","73:C6:D9:2C:D7:0B","F5","ZP6hzVrVE4hU"
"10.189.18.41","moan-w5hk2r4zqst","7A:A4:94:BA:CF:30","Arista","nzEYW4o33uwa"
"10.172.53.39","tasty-0soy29xvlw","F8:21:A4:1D:32:4F","Ciena","T9yn8t7cJ58m"
"10.43.37.51","scissors-l9d30j8","77:93:E7:EB:B4:96","F5","7ywcmd9kT7FQ"
"10.199.29.34","offbeat-sx25pd6o","89:0F:EC:4E:8B:9F","Arista","DnBHEAbZ4w4L"
"10.62.28.2","famous-28fl9o3c7","D6:66:16:21:38:A2","Ciena","x9xpK7en3d9r"
"10.241.18.31","frightening-kjr0","CE:25:FA:EE:03:37","F5","BAHDZnXRGBWu"
"10.62.39.52","daughter-k5n038j","06:B1:53:A8:CB:16","Arista","DauLRxyHNa8z"
"10.253.55.18","cloistered-h3w1z","2F:1A:24:3D:B7:BE","Ciena","X2TN5dVN8A4A"
"10.34.2.4","act-8iesu70q9blm","D0:8E:07:2F:EB:93","Juniper","6LtPGtviUYEc"
"10.148.48.46","lavish-nbaoifc4t","75:E2:5E:CD:8E:7E","Cisco","GvmPTiMG6XR2"
"10.49.35.19","fuzzy-6ypr0ag5un","EE:16:47:84:4C:02","EMC","66PW6ShUmAVW"
"10.233.43.45","wound-azfvui1go7","49:A1:98:79:21:46","Synology","6gaCEux955vA"
"10.110.33.34","ladybug-vj0o9yp6","3F:96:A0:C6:BA:76","Arista","ecdUo6LgQtdR"
"10.208.24.44","overrated-v7jqrp","4D:61:CD:CE:EC:1E","Ciena","C55v5KeHRTFy"
"10.42.15.21","inquisitive-fzeo","68:F5:E0:B1:A1:9C","F5","LsQmXqKtnq9x"
"10.38.32.45","poison-i2j0teanh","CB:38:84:8B:7A:A4","Arista","TsbqzGzaV6i3"
"10.141.35.52","abrasive-0lj23hy","9D:69:2E:FE:36:67","Ciena","umZ6arie8Njm"
"10.142.37.51","low-1y7zrqv4fu5h","9F:58:31:EC:3C:5D","F5","z4UST69YK9EX"
"10.132.16.44","green-z3a4m26nsf","99:FB:4B:3A:79:82","Arista","FwqkkTHV2rTR"
"10.83.43.2","massive-urf7zlx6","50:48:50:F3:47:F9","Ciena","3Rh25T7AYzrF"
"10.249.8.4","drink-msvoiu59xh","ED:F7:DF:CD:E5:46","F5","8oYbastc5Ad3"
"10.125.17.37","snow-v6lezgisf5u","6C:2A:28:DE:7F:C1","Arista","aNLx7qNLEs7j"
"10.81.10.26","arrest-f46kv5c0q","68:F4:06:B0:68:A3","Ciena","DHK2uvauFRqQ"
"10.198.48.50","ducks-0g8tcv27s3","25:A4:3E:AD:BF:F0","F5","ZzLwBYpS4Xge"
"10.231.42.22","air-73ujmw2n4flc","78:66:4E:E6:A0:05","Arista","Bt4mHDYuyQLA"
"10.52.39.42","surround-e4hy0wc","32:F7:5C:86:52:08","Ciena","JW4bXyGm3aBh"
"10.221.15.2","bell-6ey2nk1zugj","23:B0:F8:2B:B8:26","F5","SUiMCmtoXgHc"
"10.205.52.27","knit-ap87imbqf6h","D1:EF:68:4D:A5:07","F5","kNvnxEyLymPd"
"10.155.33.2","hospitable-v47uy","F3:EE:63:2A:59:A0","Arista","hLU4NnmhcdJL"
"10.65.3.31","plant-sk4hadc03g","BE:77:DB:CE:E7:D2","Ciena","f7H8uXJTVrRW"
"10.233.32.53","temporary-w5t62m","F5:D1:2C:41:50:D8","Juniper","ahH2V7Xeos67"
"10.182.23.33","cabbage-ie7qs1fr","8E:48:AF:FD:44:AE","Cisco","bh57R6DAuMSu"
"10.32.55.54","burn-qmxkteyl0f1","07:3F:0D:F6:9E:FB","EMC","9WXtsuUzZWfw"
"10.89.17.31","pear-3wjo7vs4faz","03:CE:28:E5:2B:3E","Synology","XxwxZkxCPP8n"
"10.185.21.40","laugh-mqh8ajlpxk","26:66:1B:E4:54:81","Arista","3ZBQJkQFT2JN"
"10.140.23.22","reason-5suyvh19j","8A:BB:36:F3:32:EA","Ciena","ddJSUypqLEWv"
"10.189.53.23","suit-kw31jud9no5","99:73:CB:2C:27:CA","F5","3pkbQGHkgbGD"
"10.174.43.5","complete-zkdmqlj","1F:66:F7:2A:AE:2F","Arista","uCfufYwaqce4"
"10.116.40.0","tasteful-kfhc6wp","F2:19:BC:74:E9:D2","Ixia","kgmkDNgxXJJ6"
"10.35.23.5","stick-ivju3b7glr","97:06:FF:AD:5B:FA","Netscout","EmvAM9MuyUT8"
"10.121.31.29","cheese-caqgwosb2","2C:C2:D4:B9:E5:B8","Spirent","txsvo5mmadCo"
"10.246.17.24","thick-67h3kynjbm","EA:6A:BA:3F:0E:7B","Cisco","sdCw7YAvNfk6"
"10.109.28.43","incandescent-d6v","F8:56:05:79:F1:F7","EMC","udA4VogEH2t8"
"10.74.46.5","sand-mxq6i1tlksn","17:10:E6:0C:52:F8","Synology","tpXZBGeKa48F"
"10.45.25.32","pollution-ynsj0t","7D:A6:9D:F4:6A:E0","Arista","tpkxumyBGtwZ"
"10.67.12.37","spray-3n61gtdevw","4C:5F:A4:E8:22:DA","Ciena","teB6waRhG9nX"
"10.85.55.45","ajar-fjo6709ayvg","56:33:E2:1E:88:9E","F5","exkW5LJVhwpc"
"10.135.38.22","milk-0ohygxpfrwk","D1:41:60:19:E5:27","Arista","8qsfWtoKaCXJ"
"10.32.1.8","abiding-k37qv26t","F5:7F:0F:BE:84:88","Ixia","a7GHRPeqhLVt"
"10.84.50.38","coil-trz4uyi2a9w","C4:4C:BF:AD:D7:BA","Arista","pbVnAJXnZM3m"
"10.52.14.0","girl-0bgrm2lnhpu","EB:DC:4A:61:98:D4","Ciena","UYo2X7NZXE2M"
"10.52.50.30","scary-uo4r3q0tx9","CE:EA:01:2C:F7:5C","F5","ryiLuTmskyjw"
"10.152.10.29","suggest-35qyfbx9","E5:B2:65:66:22:39","Arista","Lbhq8FwEA2YD"
"10.192.19.24","grubby-bisuqjdrh","2E:CE:7F:1C:6B:59","Ixia","WSgFxFpjGXfh"
"10.12.51.35","repair-k4ijpf986","30:8E:B1:86:53:5C","Netscout","NxdLjDs5qbps"
"10.148.20.8","bee-m1zesokjnfvy","9C:65:28:AA:CC:72","Spirent","NvHXMsMPYA9K"
"10.197.47.25","grouchy-50ytx41i","67:36:31:6B:5D:DE","Cisco","wZ2u6rtz3cKz"
"10.113.3.12","receptive-1f2tko","9A:D7:1C:96:72:98","EMC","jXf9d9qMyjvy"
"10.61.22.17","expansion-h9x1ry","84:A1:DD:0F:51:5B","Spirent","UGrcXnHiADCj"
"10.120.8.24","juice-56tv412zhn","45:4B:03:85:4C:C2","F5","voCbXxR3Vqoh"
"10.161.20.42","late-aftruob9ci2","62:DF:0D:EB:99:5D","Arista","bnPjkqibCdMM"
"10.190.15.29","brainy-7y5ibc3sk","7F:30:CF:33:A0:BD","Ixia","AiX37Udr9B4v"
"10.192.32.27","tank-oyw38qd0jsu","01:BE:93:BA:BB:12","F5","j5stWAMQkBWX"
"10.236.6.13","liquid-9tyxav8hq","1F:F4:7A:BB:18:AB","Arista","WbHuEpQQ8usn"
"10.122.6.18","slippery-sc31jl5","B5:A9:91:8B:C0:D0","Ixia","aaGsqyqcmySZ"
"10.248.49.27","pan-1pvkl5y8oqag","9A:8E:FA:2C:33:7B","Spirent","xEgLLn47VGe7"
"10.155.0.43","burly-9zuhgo5cjx","DB:83:F1:77:8A:81","Spirent","EhkgfTwqWcVL"
"10.38.29.7","guarantee-19kg6s","BF:69:51:D8:91:86","Arista","ddbPYnkquQkc"
"10.93.53.21","spring-oueqikfgt","B0:03:51:65:98:E2","Ciena","2VaPc4o2wioU"
"10.131.20.21","average-5ijsldp4","C8:E3:62:FE:2F:63","F5","ownDHpPnhQcd"
"10.223.23.53","kittens-xuwd318r","8D:37:09:A8:5A:A4","F5","qbHp32na5Lbg"
"10.228.21.9","letter-u6dx30lo9","85:18:67:DE:84:4E","Arista","J5gDxCrhDLTZ"
"10.167.42.49","damaging-6ktuvo1","98:6D:40:38:59:79","Ciena","eaJGU82CYwsh"
"10.176.38.54","umbrella-u6axnor","88:7C:87:A9:23:CB","Juniper","zqFU5Zftt9gx"
"10.180.12.21","answer-pkn1cf6d2","1F:5E:E4:50:EF:9D","Cisco","wvEcYj4teS4q"
"10.30.7.47","glorious-i7ze5my","DA:2E:E6:AC:E7:05","EMC","2YJoZDSqFtYw"
"10.93.19.35","inconclusive-4w6","52:4C:B2:13:E6:3B","Juniper","WChbM4KAXcrx"
"10.27.20.51","wool-3oycq8h21va","93:C6:35:C5:5B:2E","Cisco","EARqMBvyLX7d"
"10.228.16.23","nonchalant-uwj1f","E7:06:B7:BA:3E:82","Arista","qGNnsTSy8u3n"
"10.136.28.5","window-9c7ab804f","13:13:ED:3F:24:65","Ciena","cBmcF5NUu7i5"
"10.200.14.7","wren-6qp71oy9wbj","03:28:F1:6F:31:E2","F5","46xpDzFrjsbC"
"10.239.12.44","warn-3vw7yg9jkl4","E7:1C:06:B3:76:BA","EMC","yac4sFZGq2sw"
"10.206.46.53","slow-tobgz8uy194","18:DA:B5:5C:1D:93","Synology","PEw2aTjDrWLc"
"10.106.34.25","curvy-ph9moi0d6n","50:8D:4F:0A:F4:00","Netgear","AVA5FEvZaAga"
"10.0.22.6","harass-bon8j0hg7","DF:19:FB:D8:17:57","Fortinet","FgrdH2mumUDc"
"10.68.42.18","trust-gwjf1p42v5","79:3B:3B:B6:2C:9D","Juniper","PyEU7YSNZnho"
"10.231.30.15","letters-xw1hjvsl","2C:D8:5D:9F:C8:0A","Cisco","jBd8v3kwdCr8"
"10.155.29.28","wry-5byqsfnxepa4","F9:DF:E4:21:B7:73","Juniper","QjjHN6iPo6qQ"
"10.134.41.40","tug-x0mplbvcykeh","CB:96:F8:6B:2C:8C","Cisco","efSjVYdLBMyG"
"10.183.16.1","public-hwovy6g54","31:90:9C:D9:97:41","Juniper","s4hQ8yPHWKFo"
"10.49.53.24","sheep-gtj741rdqc","75:58:5E:85:23:37","Cisco","VYQTa93KVWC7"
"10.35.41.18","voiceless-rjktle","CD:78:01:91:C0:2D","Juniper","JpLgMQFok4vG"
"10.92.51.48","craven-li3nwtrh9","B8:5F:74:FA:93:9E","Cisco","qwRgPraX3QPz"
"10.82.29.35","bury-s6foh82lj70","FD:0B:22:B4:8D:CA","Juniper","FqJT8Zfr9NsT"
"10.48.48.12","line-l1ifxv3szp2","4C:CA:3C:BB:6E:14","Cisco","BZdCLpS7zb2i"
"10.187.35.17","acoustics-g6wnm3","1C:36:B5:20:6A:DC","EMC","hamDZaJLo9CZ"
"10.128.29.50","join-57yvm0kjzbs","80:DA:47:82:0D:66","Synology","VbJYS8mPiiHu"
"10.135.44.48","acrid-p2ts8afirv","14:17:E6:25:D9:38","Arista","C5vc9SwLb6iJ"
"10.42.49.25","black-jch8v3yba0","21:74:8F:99:E9:0C","Ciena","QnE3wGALZ7AY"
"10.47.45.1","offer-pavz8f9hej","ED:06:10:74:6F:07","F5","hjxfRQMkNaGx"
"10.131.32.29","bag-hbkn3uap1vzf","D4:55:0A:B8:1A:96","Arista","CHkgM9Ci4V4V"
"10.168.36.34","obtain-y90m7dcl5","36:79:2B:26:D5:D4","Ciena","rZ2cfXMxaiRR"
"10.209.3.55","downtown-627abui","3C:0D:C3:73:E9:4B","F5","6AcuL4NuywFX"
"10.160.43.53","unsuitable-qn2f8","F3:7E:AF:2E:6B:53","Arista","qjuGoUF6YzMR"
"10.207.53.5","cheer-ci6a049jxo","82:E2:95:75:25:F3","Ciena","Lw6nN8yvwXAz"
"10.108.34.53","raise-7mhvsulk20","C5:6B:08:8B:52:17","F5","AY9r55E74KR2"
"10.224.49.52","mouth-zcsqk9v21a","1C:48:A9:C3:4A:63","Synology","Zzq9gDRPWvqH"
"10.220.41.20","dysfunctional-mr","89:7A:B4:B2:0D:E1","Netgear","TNoDsMJbNUeo"
"10.61.49.46","dusty-yitqhpjz8l","E8:42:17:80:A9:FF","Fortinet","FAYSfcgrm62J"
"10.148.15.22","half-g7ij5hzxftc","51:36:E8:BC:FC:88","Juniper","Ly7AbdvEYHfG"
"10.238.31.29","red-rcg2kws35ovu","FC:82:AA:52:96:02","Cisco","ddk4EDUAEu3r"
"10.141.16.34","breakable-u0ajfm","DB:E2:F3:8A:C0:20","Juniper","vuzXVDcTQBMd"
"10.210.43.20","wakeful-uw65gezm","BA:8E:FB:77:1B:1C","Cisco","794vqiYqUzxp"
"10.173.11.47","noiseless-ghxl8i","26:F8:16:DF:73:FA","Juniper","qBcBi9yUnw7u"
"10.174.45.46","ratty-2ynok35ts9","5D:54:CA:08:1D:B0","Cisco","MdkSkY8HQ6CL"
"10.250.50.53","year-dxcoabvpygu","A1:0D:81:99:59:56","Juniper","MkTcNmqJ3kqQ"
"10.198.26.29","helpless-rypke7a","44:5C:69:B2:D3:C2","Cisco","92bpqWAQj26C"
"10.123.36.48","sisters-hf5kyrwx","6A:F5:04:5C:B9:26","Juniper","TmFyQdREz3fU"
"10.23.26.39","flash-pqh0rb15dg","C7:7D:E2:97:55:CC","Cisco","HoZLoZaf3P35"
"10.50.32.9","hug-v2de13kw9l4y","6B:AB:12:D1:DF:F5","EMC","GWRqM3eYgp3P"
"10.24.17.35","hanging-xmbn2ysq","62:58:8D:0C:EF:65","Synology","XU56iXKee36X"
"10.38.11.30","drum-r9wu2oyqfce","2F:E7:C9:BA:7B:A9","Arista","kAZfoQ7CHaAD"
"10.244.23.44","illegal-tjnbkfp1","3D:71:59:53:2A:75","Ciena","h3ZyM3fZRrur"
"10.177.29.33","stain-q3nxtshcpo","9B:54:C0:84:70:C4","F5","FRoiMAWHzonC"
"10.81.51.31","lush-kao74mz1gcb","1B:74:F1:6D:24:50","Arista","Wjri6ftzwBVG"
"10.207.27.48","blush-osi1ufdqtl","8F:9F:D8:55:F5:AE","Ciena","gGHEyKLckdvz"
"10.85.42.2","left-52pr6uk3goe","D8:95:E2:ED:BC:63","F5","kfvLhei9RTBH"
"10.186.14.27","obeisant-uw2ziy0","3A:FA:04:3B:AE:E0","Arista","ZwuFrwt5FECx"
"10.167.33.18","toothbrush-obvl6","3B:D4:5B:CA:DB:6C","Ciena","wozzj9eajoD3"
"10.58.5.31","swim-lz4nsi8wacj","5F:DE:AC:2D:B3:B4","F5","EdGBXDvjUHFy"
"10.155.29.10","transport-bpydvf","B9:1D:06:AE:72:E4","Arista","WbtJVreUQfq4"
"10.166.38.20","inject-0f5zco9d6","A9:14:5B:E1:3B:7B","Ciena","UoCuKoAHXLGs"
"10.217.22.8","finger-61wcqhmya","B2:25:23:59:05:3B","F5","G6XTkHq2EKZq"
"10.140.6.50","concerned-j1ykgf","F3:3D:04:D0:15:5D","Arista","NH63L59xujF2"
"10.54.22.29","thundering-5t03e","32:BD:6C:E1:65:46","Ciena","w4EfJQbcDaL5"
"10.184.26.53","weak-c7erkymw2si","F1:12:B1:E8:86:80","Juniper","2CfSA2pB8nFp"
"10.66.26.23","relax-jyoz6uadvr","DA:79:94:62:AE:36","Cisco","EdhXsBUdznJN"
"10.223.6.34","strange-5cfzuv4e","14:30:16:9E:C7:15","EMC","vwbYi73niDcf"
"10.59.7.7","brave-bn2hpwfy6u","93:4D:4F:DB:6B:1B","Synology","BFMYhpU4as8b"
"10.82.20.41","water-2987otkvp3","14:32:39:31:FD:2D","Arista","mfbjMYYtUvyn"
"10.210.33.23","rings-sob2xnl7jf","A4:3A:12:62:A1:72","Ciena","JYFhnqMdTryy"
"10.70.48.10","lumpy-6c3lo1m7is","81:3E:CA:A4:CC:CD","F5","2SYQdM2x4Hix"
"10.106.49.34","rightful-lfchd1k","CE:F2:23:3F:05:13","Arista","49sUvuufngqY"
"10.56.20.44","drunk-lo3ynr8izd","D0:BD:0C:E2:DF:AB","Ciena","4EzLyFSN9Kb3"
"10.50.39.33","soak-u5zfobyeiav","AA:A1:DE:DD:07:92","F5","YGpN2nRBRP4P"
"10.90.34.55","political-n2kaph","FF:56:D3:A5:AE:D1","Arista","QxBshEM5CZcx"
"10.187.40.36","grotesque-g75cko","0D:51:D4:57:E0:42","Ciena","RnvjCQeHTaT9"
"10.1.7.54","smooth-ruz07kp5v","D6:FE:6F:31:69:1F","F5","UzQaMdpRNduM"
"10.204.4.46","deliver-ycbag902","E5:6F:66:24:B3:5E","Arista","dpFcAHGSs9sz"
"10.226.27.27","alert-pfv1wo6ycr","3F:55:D3:10:CC:12","Ciena","xFucDsJrCY89"
"10.238.3.49","deserve-pxa7n45j","BE:53:9C:6A:A5:0F","F5","RLQkhjiaxgcL"
"10.30.35.39","dad-5m0sgfu3dwyr","78:7F:A2:19:B3:6A","Arista","Fhpn2HKXRzNt"
"10.117.8.38","yielding-odjwlz9","7C:37:68:F7:B5:80","Ciena","Vs4LPRpCUDmE"
"10.43.1.44","cluttered-mvuq98","9B:FA:B9:D1:05:BF","F5","e9N9HwwRvfEr"
"10.119.28.47","slip-l27wpf6mhqu","D8:48:2A:EC:67:A9","F5","XgrbiWyori7m"
"10.170.27.49","friendly-t48jpu7","3A:79:68:02:0B:43","Arista","EovPSG2VU9De"
"10.3.43.0","attractive-0hycj","F4:C1:6E:3B:26:05","Ciena","wuavrmYeWP6Q"
"10.152.46.40","coil-xd6jf3mkzw8","86:B3:BC:36:71:01","Juniper","DyZKLHaLeR62"
"10.203.34.52","loaf-2a6g9w8ml4z","38:EF:39:33:F4:CA","Cisco","auhFyqgPdzR7"
"10.178.31.49","share-a1u8btwozq","B6:0E:31:97:69:7A","EMC","Qih6CUWAtSDg"
"10.149.38.39","mysterious-sp8da","55:A6:2B:5E:56:06","Synology","JW7YPHSvK9cs"
"10.37.55.31","hook-gpiq1badf5c","79:12:DF:E6:46:EA","Arista","2umnM3SNVMKa"
"10.219.41.38","correct-9idfte63","00:87:EE:EB:52:0F","Ciena","mef4hovyHeLN"
"10.203.9.7","servant-9j7q1xa2","DB:18:4F:30:A4:5B","F5","dBVWKuWiS37x"
"10.111.34.45","jam-bs79tcydjl0q","94:1A:B0:AE:37:4B","Arista","D5a9Cpip463J"
"10.176.18.20","motion-4ap09jynr","44:6E:C5:E0:1F:74","Ixia","zs3YfnD7ypp9"
"10.18.55.37","collar-1bke46ugx","28:8F:41:87:FB:30","Netscout","VNcAccx8q2uk"
"10.215.30.19","abnormal-0cqfbsw","C1:21:D7:AB:E3:A9","Spirent","9VzWqTuRkzWK"
"10.3.22.16","trouble-z2qk753a","EB:C3:9F:F4:42:07","Cisco","fF8wxXm6NAT8"
"10.90.47.0","hammer-ent3j4i6x","58:79:39:30:10:10","EMC","8j4UDUt7ELiM"
"10.64.0.1","steep-oiwszyduq8","78:EF:BE:C5:75:60","Synology","SmLkfX5y9zZu"
"10.69.54.25","view-0iqpwjftcn8","71:63:37:64:51:CC","Arista","jG9cbbYNjFx7"
"10.24.26.42","rampant-thb28ud0","D5:7B:A7:89:D3:46","Ciena","Rzt6VJpsEUqa"
"10.35.37.35","direful-2mc6kuvi","E7:4E:B3:4B:E5:0E","F5","f5zUKNbHePLn"
"10.84.2.15","launch-ypt0dbg2w","1D:4C:08:1D:5F:D4","Arista","RC3m2uasyExE"
"10.61.6.16","continue-cao9tb3","BE:70:B9:E1:A3:35","Ixia","uHLiVASkZZZG"
"10.13.44.13","authority-mucloi","5B:ED:D5:8A:47:FB","Arista","YPxvTVcd65Ta"
"10.94.41.12","produce-u4gfxed8","25:08:E3:23:1D:4C","Ciena","EFtge9imeqsM"
"10.192.20.18","stretch-82rf37oa","C9:D6:4F:B4:22:0E","F5","oBnhPpqjiUkW"
"10.48.50.45","jazzy-ompvh0gj8a","5E:CB:42:C3:80:33","Arista","NeC6XBeEV9Zn"
"10.26.3.36","boast-asl5xm31pv","61:96:23:E8:72:5D","Ixia","WiVKLBZTHqj2"
"10.105.21.24","save-7q1iwbfuyzo","52:DA:76:A7:25:24","Netscout","EKGEmxYfN7MK"
"10.47.40.15","stale-07eonbsrzh","A7:B1:ED:D3:45:22","Spirent","SrhwRPub7U85"
"10.73.22.17","gullible-i1pjybh","43:6C:C0:5B:3C:A8","Cisco","boTDPBLxKdKx"
"10.214.44.25","poor-jfo2emxgta5","A8:74:D4:D7:06:74","EMC","fk3wJt8M25JV"
"10.150.6.39","potato-lyowk59xi","BE:6E:72:46:F0:83","Spirent","KjnGpYSrRYyw"
"10.141.46.51","forgetful-n1tzud","C8:95:A0:55:D6:20","F5","8b5CbyLeK5vo"
"10.111.22.23","sense-8tefmd9zjl","33:B5:89:50:27:60","Arista","dYZKgf74VQ7u"
"10.107.20.43","magical-lf1x2zwy","B7:69:CF:9B:17:F7","Ixia","JDLyyQWkkPoB"
"10.188.12.33","new-oskcvbqlzijx","4A:91:05:30:B8:91","F5","LSSYucSRVxSh"
"10.40.36.34","file-ix0hg9cvu4j","9E:81:6A:6C:20:97","Arista","WxWaJ3ddXTso"
"10.228.17.38","hollow-tec6g0n7m","A0:02:24:41:8F:2E","Ixia","84KtjncYFgh4"
"10.42.21.2","splendid-sgoej5y","73:FC:93:F4:75:46","Spirent","zHQkSAynbnxa"
"10.172.35.47","dispensable-mc2x","9C:97:9E:52:10:00","Spirent","tsTC7R5r6uMt"
"10.49.40.13","worried-1n4rc3of","92:20:6C:AF:DE:25","Arista","22pqdixTLUrf"
"10.66.22.19","locket-5b8vzt6h0","6A:32:7C:F5:83:C4","Ciena","FgtwAaeLxGJY"
"10.27.51.15","flock-jn83cs4ef6","79:45:2C:11:01:35","F5","YjioSfgVgcRE"
"10.170.36.40","cart-r8xhupjgtoz","A4:61:83:03:E2:D1","F5","862z5vrRuhXn"
"10.80.40.52","flower-12vdw4gba","25:27:70:26:08:1B","Arista","2B8REWnwzzd5"
"10.90.30.11","bridge-8keis73vd","36:ED:48:8F:C3:08","Ciena","Emd4fdLoAz7g"
"10.192.10.19","seed-qolxkzwmerv","1F:18:4E:19:BD:C7","Juniper","riyHyGz6732d"
"10.20.44.7","moor-45qx8w0afy2","4A:7F:DD:4F:E4:16","Cisco","54GYrofqgp7Z"
"10.120.22.30","punch-rfa62csd04","C0:BB:0C:FF:16:2F","EMC","55HnenHHqy8y"
"10.13.46.37","reminiscent-nbgx","41:80:F9:65:C6:85","Juniper","RrhzrySR9oUy"
"10.79.4.26","meal-v6l9g3drnaz","64:49:AC:17:99:7E","Cisco","w4z7zPLSR5ih"
"10.199.6.27","harsh-u9q501egj8","89:22:8F:0B:DA:B3","Arista","aEDm2GRzJonL"
"10.155.11.20","trade-pwr0fdc5t2","F5:37:08:59:7D:8E","Ciena","vtUtNyqt47DY"
"10.219.7.26","ripe-0sv4tqxp163","3C:32:71:0B:0D:24","F5","2wwCZLdKjCzK"
"10.179.19.9","pastoral-jae5bzo","A2:B7:87:51:C5:CB","EMC","Dxipfsbw7xXC"
"10.182.22.29","doubtful-jqt0gv9","39:EA:25:12:F2:DE","Synology","Q7ziYSzfTw7g"
"10.86.23.22","fear-yg2c675shd8","BE:AB:0A:74:D5:0F","Netgear","zTgxYyxSNKDA"
"10.219.21.22","loutish-m1qpnfew","5D:51:70:07:69:A5","Fortinet","ABDeBEervnBy"
"10.104.31.9","memory-uwqta1r5o","3C:64:00:6A:51:90","Juniper","Krs77Mpw5aLJ"
"10.66.34.7","ambiguous-c52bme","C7:62:99:E7:05:EC","Cisco","KbNYjYUD2RJe"
"10.81.53.40","mice-nfg8ojap7e9","0D:2A:97:3C:35:30","Juniper","oGJgk23XF6Be"
"10.65.28.15","side-xpv19eo6gkr","CB:87:C9:F7:5A:01","Cisco","feVW4W62nuiq"
"10.54.18.45","thoughtless-wxyt","4E:E5:A8:ED:26:2A","Juniper","vvRZnfr494kU"
"10.113.40.8","periodic-t6l81sp","EB:05:00:AD:AD:03","Cisco","ddRWBvPEwp7C"
"10.17.35.49","argument-lp6r8o1","59:AD:F1:84:EF:81","Juniper","mCNLbEV7Mb9W"
"10.80.5.8","fair-is9y2w1j37m","BF:97:3C:31:1C:F7","Cisco","mSrw6GuwENXv"
"10.163.52.29","train-4xgkciqv89","6B:D4:74:CC:73:C2","Juniper","j8DwnxRY5SQZ"
"10.182.55.50","month-wam0zypjl9","3E:46:DF:B7:F5:2C","Cisco","FA5iTuRLDHLN"
"10.244.8.17","electric-ipr6982","77:0B:BA:04:31:0D","EMC","4LnhqiafNdxa"
"10.80.38.17","parcel-19xnc036t","32:F9:E4:27:C2:D6","Synology","zQuNi3guPH9R"
"10.110.47.13","store-ixpe635hc4","CE:AD:A5:1B:08:93","Arista","ZWt49rxh5QWK"
"10.48.41.2","wide-eyed-8zrxpb","65:D3:DC:12:7B:9F","Ciena","W2cr7LNauWp6"
"10.9.26.18","found-v2iuhq9cbj","B5:03:43:C4:ED:C6","F5","aLgNiQrSjqVZ"
"10.105.48.54","adjoining-oabpis","3B:EF:96:9C:19:A0","Arista","zLDDwJzjWQoV"
"10.101.21.25","immense-xd0a6vzi","C6:9B:4F:4D:96:65","Ciena","e6oYdB2SnZ8R"
"10.180.24.32","camera-plfqyju5v","51:E6:C4:23:6A:03","F5","BGRtViJywukV"
"10.113.21.23","bit-pqtlvgjcysu4","6D:A7:58:ED:20:DA","Arista","7LMpijJ7L5bk"
"10.118.15.2","judicious-164kwu","29:28:D7:81:AB:86","Ciena","EUiaHqqu2EEq"
"10.48.32.3","untidy-thyavxu2f","3B:46:05:42:8B:4F","F5","WMe7ee4EFikk"
"10.214.13.54","punishment-ut8v7","38:1B:61:D6:60:40","Synology","9rXW8hyAK6vf"
"10.16.43.31","desert-wnj54dy8g","74:F4:FE:65:9B:8B","Netgear","LG8jaGxAgLaz"
"10.66.16.22","chin-q8vmhyjgs3f","96:AE:A7:18:6C:A8","Fortinet","XbNo47hvk4PQ"
"10.23.34.20","bat-sgqn4wud73x5","43:44:DA:A5:63:55","Juniper","HQ5GKEZAbffv"
"10.79.55.38","key-ib7owtqz0hsc","AC:0E:28:2C:6A:23","Cisco","XnKdTUhsBmRy"
"10.55.51.6","first-nztvl20cbe","DF:87:F5:6C:EC:DD","Juniper","C9H4jUhfGUGn"
"10.216.14.29","gun-d0cwe49iqs31","DB:2F:B9:B7:85:89","Cisco","RA2msLdY27mQ"
"10.135.9.4","scene-z5icq4r2m1","12:15:9E:99:22:F3","Juniper","V9pdsDeLZRy5"
"10.233.46.51","elated-quavnr5it","FF:AF:2F:5E:C4:84","Cisco","SXqUVgquX8xP"
"10.10.26.43","needle-zmqh3kony","6C:93:EB:B3:AF:AE","Juniper","HQUSuwzYjtS2"
"10.43.50.20","unaccountable-6b","57:5E:2D:60:BD:AD","Cisco","jxrhx8osVVyk"
"10.149.51.29","carry-9nuhz2xqmk","F8:09:AF:D4:87:32","Juniper","8A5R8nKcjHt5"
"10.3.42.51","society-7x9e2cvs","8C:5A:9D:67:08:B7","Cisco","jteuh9R9ytsp"
"10.32.41.23","support-h672smk9","6F:8B:4C:8E:82:C9","EMC","GMJT3m9raRiv"
"10.173.4.16","guiltless-6gqryn","D4:63:BD:6B:D2:BA","Synology","UQv47DVmEBaZ"
"10.60.2.40","arrange-ma6t94yd","C1:F5:24:61:A1:6F","Arista","6ud9yk4dQNKw"
"10.196.27.35","bathe-vo7kle42z6","EA:86:93:DF:EE:22","Ciena","Xt2SRCGFttXQ"
"10.208.10.52","crate-m31sfzte6b","22:A2:9D:EF:CB:3F","F5","L8T25xyEFw6G"
"10.11.8.6","fax-z0swkr4lfx7b","80:23:0D:7F:4B:01","Arista","DKfxvGQr5ytE"
"10.125.44.15","distribution-t8b","71:E0:5E:6E:29:56","Ciena","HgVUe922mS7e"
"10.188.36.42","small-a5qfioe3s0","CF:DB:EE:78:FA:A3","F5","F2NkWHjD357Q"
"10.245.14.42","puffy-twqup8doc0","E8:13:AA:B5:65:55","Arista","Tv8x5Achrt35"
"10.107.34.33","godly-9pomx2lsgk","88:27:FA:ED:8E:FC","Ciena","8dzHRWwGBU8Q"
"10.92.12.41","manage-3p4g8sfax","F8:62:05:11:AA:9A","F5","LAM2GUFZwbiF"
"10.220.13.47","x-ray-oz4punbw15","64:BE:4C:B2:2C:99","Arista","tPGGiuUogBen"
"10.232.52.15","special-ysjwlpnz","96:7B:6C:33:AC:A5","Ciena","VxRTwXaXmrbV"
"10.94.2.18","nondescript-1f95","F7:EC:F7:03:D3:7C","F5","i8vhvpu3WTY5"
"10.180.11.35","person-3ag68jp9f","27:A0:17:73:0F:47","Arista","wdAaceLA6HK4"
"10.142.5.34","hurt-svamq60y247","A4:3D:BD:3D:CE:23","Ciena","wN9RcwdrSxJD"
"10.15.13.55","murder-luge2cy6a","64:22:29:8E:12:2E","Juniper","ge3i4BmckkQr"
"10.133.7.53","add-znm4qrad7gkb","5E:30:5D:4B:49:56","Cisco","SnCSsCjhGKE6"
"10.185.34.39","aware-vaguj0fe2h","17:BA:4B:3D:44:53","EMC","R2ZTzuDcuuY3"
"10.232.22.21","mark-vfbz7hypq1m","BC:ED:23:74:87:E1","Synology","ysSuRk447tJp"
"10.18.41.48","polite-5rv9iwm1y","41:39:26:B4:B1:4A","Arista","yRkbnnAMmPwy"
"10.220.54.23","oil-7b0h1v6skquw","2C:E0:13:82:A9:B0","Ciena","YzQRTinzieaz"
"10.244.39.41","capable-gin6clj7","F2:BC:AE:D9:58:88","F5","Qf4sPJ8ReEwH"
"10.46.34.33","sable-tohajbn9cl","5F:07:E4:22:46:BB","Arista","9e5iH9EYpoUc"
"10.141.48.27","gabby-ot5x923mng","A9:E8:2B:3A:87:26","Ciena","uzwh6N6jvRCJ"
"10.140.12.8","soft-uah8qp6k0tg","70:D4:96:9E:8E:16","F5","NXURjgG3UWfm"
"10.148.4.44","limping-oc32xer1","CC:25:41:E7:DC:A3","Arista","YEmuSsDTimFE"
"10.169.11.53","pale-rmqyeavbw8f","7A:0E:79:AB:00:EE","Ciena","WgUXoVbn9b7L"
"10.52.22.48","contain-poyzsfbe","6B:A0:86:69:74:78","F5","NgsxgPJxxbCB"
"10.24.11.18","intend-y7v6lgiz9","64:1E:B3:27:D5:88","Arista","mD5mPAMRsDBB"
"10.138.46.4","kindhearted-kxt9","71:B0:7B:FA:8E:9E","Ciena","Dgn8aXL3fN4c"
"10.5.53.50","utopian-2yzixtp3","83:5D:FF:A4:3E:EA","F5","DhdMvypy99dR"
"10.230.30.5","inform-4pjri1ows","CB:90:3E:C7:FF:1A","Arista","r2dck7AanV6H"
"10.37.48.10","opposite-4gdj6na","7D:80:AB:CC:FD:AF","Ciena","AnKQWcetuSF6"
"10.129.12.18","stimulating-at4f","FC:53:AE:A5:6F:D6","F5","vVsk4gqMEMzU"
"10.180.13.26","untidy-3xjhvdike","B4:D7:94:2D:5E:93","F5","dy6PoxvkyTta"
"10.253.11.16","science-q2otb5ya","54:63:8E:44:85:99","Arista","PQrzdhQKfmnL"
"10.145.25.32","suppose-zka25hct","D5:ED:18:0F:47:8F","Ciena","SucRw3wRaSoX"
"10.120.23.44","cloth-hu85b3fxjw","E0:2B:5A:AC:5F:A3","Juniper","L7yyDzzgiVZT"
"10.22.0.7","fancy-pdk9mzj0wn","27:0E:2E:1E:85:6F","Cisco","bejXEEo6zsFc"
"10.14.13.23","synonymous-dy93j","C4:0E:E0:78:83:8B","EMC","saLphtFbGc2s"
"10.248.37.0","incompetent-r4mh","56:89:6A:E6:29:9B","Synology","ZxP5yRbTW7Bs"
"10.87.0.46","marble-zwijql38y","48:1C:AD:EF:83:A7","Arista","iRHJGrAfow8e"
"10.51.6.35","retire-p8j3w5vxk","65:EB:9C:C6:42:70","Ciena","kEnT2gcrEism"
"10.218.30.55","undress-lcgnjaw8","F1:1B:5F:F0:46:E0","F5","wq8ZvW3chrYE"
"10.116.36.14","search-o6z5k8pcs","0F:D3:04:D6:98:D8","Arista","NfCbJgDkBpB6"
"10.118.7.23","exist-rsk8wen6zh","57:91:06:DA:FC:BC","Ixia","JSC6e9TaY6VZ"
"10.5.21.13","smart-w7iv6tesmd","C7:C4:1F:48:23:35","Netscout","bquwh3qzaKQj"
"10.150.36.41","sharp-z3g2ynqjks","05:66:55:C8:A8:24","Spirent","VciNSPNMfJxC"
"10.241.49.39","deceive-ubveljm9","10:73:48:49:F8:4F","Cisco","gAPhpLiK9UHG"
"10.161.46.44","songs-5dg2l3ijst","26:AB:6A:C2:09:7E","EMC","LHfMkbcio2d6"
"10.161.19.20","copy-zbo75rwt1ak","66:6F:38:1B:A5:43","Synology","sY5YpP4X2Tpd"
"10.230.21.24","happen-8fmq2rwse","B0:F0:7A:D0:BC:65","Arista","bghEgb9pYR4d"
"10.63.38.17","boat-iqtreyoaz9k","64:B5:67:BC:1F:59","Ciena","bWa5yijJ4xPe"
"10.13.44.24","sordid-uhpmx8wfn","D5:81:4B:23:AC:1F","F5","nc9V3Bh88D98"
"10.163.21.2","picayune-x1guyad","FE:34:F8:9B:D2:AB","Arista","NLsZm2q9SQkX"
"10.244.4.46","cold-715r0e3tbhq","0B:F7:29:C9:0A:31","Ixia","xwDdDwrdqDTT"
"10.198.22.24","suspend-qmt26lrx","EC:3D:FF:8D:5D:81","Arista","GaYegK6vypNn"
"10.101.47.44","breath-t70rljpbh","CE:A6:54:86:73:C9","Ciena","4Np3ixwjGGyA"
"10.70.18.55","film-1by6qd4ghmw","98:8F:FB:A1:4A:31","F5","7dYRt7BbwPZS"
"10.45.47.47","shrug-1083maqezp","AE:F5:55:E1:A5:43","Arista","atQry5e8DRUB"
"10.105.7.15","railway-hsm27ijk","F9:DB:D5:FC:2B:72","Ixia","d2EKVFjSpnJ8"
"10.100.3.35","haunt-b8gz2l56un","10:2D:F0:2E:DA:92","Netscout","tgKdC6JSi95b"
"10.69.35.12","tickle-igd24e7kl","BE:E0:3B:6E:0E:5B","Spirent","g2EvB3D6bDFD"
"10.25.49.44","run-kseuwqalmt9p","E2:4D:00:21:1A:F4","Cisco","qNehhQLCY4B2"
"10.244.33.5","sweltering-1k4sx","4B:F1:47:1F:6C:4F","EMC","G2ZsqFWwVdSp"
"10.136.6.16","command-6c7a4no3","C7:53:E5:3E:CD:C1","Spirent","JGeWxTZPsaNB"
"10.163.26.29","sip-e3f2qa08kxyi","79:77:AC:D0:38:27","F5","yyuQjvCsVpVK"
"10.34.19.34","rule-76fd1y4uzsh","E2:78:F7:99:3F:B6","Arista","LkgFahbGoP54"
"10.48.20.7","invention-1hrgwf","40:6C:F9:1A:27:08","Ixia","gmYwWawp68ie"
"10.219.45.17","crack-v81kejru0y","79:51:1F:93:73:DB","F5","kYPy23xw999A"
"10.51.23.3","hill-vhrgj46bqpo","86:0D:E1:20:4A:AC","Arista","7NckbRinwfqU"
"10.106.47.21","historical-bhy6a","AA:2C:54:57:42:C4","Ixia","9PTyq6ZJprYY"
"10.173.53.23","used-a9gdkn2t0qm","1F:60:A0:D2:57:77","Spirent","RSkV9AAUJZ2K"
"10.164.36.42","swanky-wihk1zavx","F6:29:41:43:55:84","Spirent","VgdjYGAHEJZg"
"10.207.24.55","harmonious-bk59g","42:4C:25:9C:17:01","Arista","Z8iLNN2GibcU"
"10.6.25.44","sky-xtbfzayrq89v","C8:89:2E:7B:4A:B4","Ciena","b4t8DbFoe5SA"
"10.213.34.12","sponge-hjki6st5z","58:13:8F:C9:22:D9","F5","e3V5DXYgvH5o"
"10.134.2.21","familiar-0vkpwf6","8F:7E:46:BA:55:45","F5","rhFr5Y82opj5"
"10.189.8.7","healthy-57m2vydl","0B:71:1E:56:B5:47","Arista","5TJFbgqquSbm"
"10.165.20.28","thirsty-ge57hmaj","3D:AB:5E:D7:10:51","Ciena","Du7PcUoRWQ3N"
"10.79.0.44","fretful-60egnbzw","A3:45:6A:10:B0:03","Juniper","xBMdkTYNSU9F"
"10.52.54.31","prevent-0veqnhtl","A4:2B:20:D1:9D:65","Cisco","qHVPgwfYqPsb"
"10.230.35.55","earsplitting-ea1","56:F5:1A:D0:72:28","EMC","wft6APHP6aS8"
"10.213.39.25","lick-a8wvicydt13","B0:19:81:AF:7A:CD","Juniper","nbbtft9weUPc"
"10.160.31.50","trashy-xw2aryln8","BB:6C:14:0E:12:9D","Cisco","2rVMArPGjTx3"
"10.108.2.48","wail-8hdj1l4ftns","34:31:62:14:CB:41","Arista","pLxxVP939FxT"
"10.166.17.11","radiate-bu9deocm","BF:46:28:56:BD:3E","Ciena","okWfkrjjG6tz"
"10.166.16.10","plucky-by4otxkfv","66:F2:A6:D9:D5:09","F5","3RTxEa56DLBc"
"10.178.0.53","nippy-8mnejlkhov","9D:1E:BE:CF:51:08","EMC","fZFoGjNMGHQf"
"10.131.32.1","milk-ipsdc6nvzuw","46:86:98:23:34:E1","Synology","6nGaJ2xqrNt6"
"10.253.46.14","vengeful-sf1qkiw","B5:A3:C6:03:DE:6C","Netgear","txBvhUmG3ebH"
"10.137.17.28","wash-re3o10fht4u","59:9A:A1:2E:B3:D4","Fortinet","Zw3PuGmX7Ks9"
"10.129.43.4","fill-oiz4gmkwaf9","B0:07:AE:D8:5A:6F","Juniper","dHVPVg3ifK3c"
"10.129.0.34","soggy-4o8nayxew9","FD:B6:59:F7:6B:81","Cisco","25MFBWQhgsQe"
"10.67.4.37","flashy-b235it4np","B4:7C:02:4D:C9:B0","Juniper","yTNuvs5JeSKk"
"10.187.29.26","sock-5rti1c3gubj","98:F8:16:1A:35:97","Cisco","3ggYQB2tQk93"
"10.85.23.53","accidental-50gnm","92:5B:6A:68:D0:48","Juniper","SF38K86KRLNm"
"10.67.49.15","top-kzrv31ey2jwt","25:3F:F1:E4:2D:91","Cisco","8j4sdCE4rdXT"
"10.178.24.45","meaty-0gpzd9xb2e","3E:14:7D:A3:3B:1E","Juniper","HgtM6naFBtg9"
"10.25.20.4","envious-huvlnx1s","F9:0F:E3:6A:73:5E","Cisco","CL7abqwVSZk2"
"10.79.13.30","comfortable-7ego","A5:BC:2B:B6:0C:FB","Juniper","uiHs5xJgWMg4"
"10.157.5.1","curved-2574axwp6","56:68:15:ED:18:3A","Cisco","U4moKXB4j2pd"
"10.205.44.18","afternoon-4mtl7n","95:34:F5:F3:14:41","EMC","YUjQqeFwvCZh"
"10.133.7.51","faithful-aw5si8g","B0:14:79:E1:2E:A0","Synology","AZU9NGr4y37Z"
"10.141.12.1","crazy-oyqhr3p06t","8F:E6:F0:90:74:C8","Arista","3aiEH8msxKZW"
"10.90.50.27","worthless-i8hpe2","13:CF:2D:B2:D4:04","Ciena","wKZiUkbDXt7c"
"10.161.18.45","cooing-9pbqouein","37:CD:E2:BD:D9:F3","F5","SDaNEixtQmcU"
"10.237.32.35","grab-giak1wvxy9u","91:D6:F3:CC:FE:CF","Arista","apy6KrFRrQqm"
"10.47.52.36","troubled-dnxc967","79:16:6E:F2:89:13","Ciena","tg9dProk9kr6"
"10.219.12.32","kick-ipk45lz6jes","D0:DA:EE:A4:78:32","F5","7EFMchKGTS95"
"10.164.1.51","judge-xczltgh19e","10:B6:F1:5B:26:8B","Arista","vCLt4VSVk4U5"
"10.191.2.27","trouble-hzb1gqiw","3C:CC:26:C3:49:D5","Ciena","hd27djSUwVCw"
"10.190.49.38","voracious-9rw1ug","82:4A:CE:F8:51:F8","F5","X2grmPwt5UmY"
"10.190.2.44","yam-da2gnpb7wux4","3B:EF:B0:9E:74:6E","Synology","c2ifC8LCZSnJ"
"10.130.16.52","intelligent-0g4z","E2:92:C8:56:FA:B0","Netgear","NdC9ubD5Fs93"
"10.159.46.39","acceptable-pdtef","5E:03:CE:21:08:20","Fortinet","s7CEFzDmXec8"
"10.189.24.28","determined-ujwh6","90:89:FC:AB:86:5A","Juniper","SFcLzDTCPzQz"
"10.16.42.25","flagrant-ema17kg","7B:0D:AE:FD:68:CC","Cisco","kUbP4yB3ZMkY"
"10.224.46.37","rainstorm-zh8o1s","8B:90:46:1B:58:C9","Juniper","uK9Hzk3GpoNH"
"10.202.12.2","fowl-xk41lwirosn","02:87:9C:31:79:F8","Cisco","izdLPQVxL8p2"
"10.80.11.53","walk-r73x8bkmio1","EC:25:89:B2:17:DA","Juniper","R8B55HxZSWbW"
"10.101.43.26","hallowed-d6i8gqc","E4:8C:20:7B:15:A5","Cisco","FpSBRFAvpjGw"
"10.161.51.25","giraffe-1j0t5nrh","BC:11:D7:40:9A:34","Juniper","D4EcDHcJKW3N"
"10.17.46.3","ghost-sw6p371qjy","41:40:91:47:B9:AA","Cisco","xLrxjR2nWREv"
"10.110.45.16","cakes-jcrhvymot1","17:01:49:C6:16:AD","Juniper","sEZ4vRdDV2vb"
"10.147.41.33","chunky-qtjwb4o0n","38:0C:0D:D7:09:1B","Cisco","KkUHomWuUxVS"
"10.51.39.12","cheap-pzqir792u1","56:29:DB:98:4D:C1","EMC","49aEKH8CzZHc"
"10.64.0.47","beginner-g2vaeuw","2F:92:AE:6F:97:D9","Synology","ARkLZkSzvLDL"
"10.67.39.4","protest-swkvpctg","3D:1C:B4:14:26:75","Arista","cLfB2knSMGZa"
"10.123.52.2","tested-bhv3o571g","2B:05:22:8B:2D:2F","Ciena","PLtUiGJzFrdE"
"10.93.49.49","faded-qjsba02g9i","80:DB:2B:AC:ED:ED","F5","PgLfPNwc7Mmm"
"10.134.30.30","greasy-572lj6nvo","9C:DB:B6:2E:76:8B","Arista","gj3JmZdpPrPH"
"10.204.26.12","quiver-h7dl59frs","CE:72:2D:D9:2E:E6","Ciena","WvUh6gg3DdEN"
"10.46.32.8","damage-lt418fdqu","21:24:1F:8A:30:EA","F5","bzS83zmFxUhR"
"10.166.9.32","careless-djofxp3","C0:23:6D:DB:7D:46","Arista","nbxDo7KX2uLh"
"10.137.38.27","children-7vcebrp","D9:B9:37:CD:E5:B4","Ciena","uzeZ4Aq6WnsL"
"10.71.30.54","pigs-v9a62wc5hli","05:44:22:03:23:52","F5","qpNowTUTVFqo"
"10.59.50.3","trace-jtyudmbnsl","CD:4C:99:96:CB:11","Arista","qv5UikgpzpLs"
"10.144.36.16","battle-tsxao04bf","6D:E6:D7:D0:11:33","Ciena","9ErHsRZFviWj"
"10.194.29.3","smoke-uwiov8f6c2","B8:A4:64:63:52:C3","F5","TnsjvZJqRRDj"
"10.180.36.4","whirl-b4djnqe3p6","6F:5B:E9:8E:32:EF","Arista","qCdf3eRL24gt"
"10.8.10.50","foamy-qsh4y53ugl","3C:67:E1:DB:0F:28","Ciena","ptU89j7V5rrX"
"10.207.36.28","pick-czmpawlen90","4A:AC:F6:58:CC:B9","Juniper","sbiRXpZRDWU3"
"10.19.47.9","sort-91i3erbtmsl","93:38:2C:74:0F:46","Cisco","FMhG7XaurEoa"
"10.201.10.19","rough-tprjmfgiwh","D0:84:EB:04:84:34","EMC","7yTSNYhZ9RTM"
"10.238.33.13","mess up-umq873or","CC:F8:A8:CA:3D:85","Synology","fPC2jkU9KGnh"
"10.150.7.16","disastrous-6dnyg","7F:46:F5:28:4F:35","Arista","BSrFcvEMzLpp"
"10.217.9.14","rot-ovg1pkxficn8","18:A2:1A:CA:BC:71","Ciena","49HyaeqvBh6D"
"10.161.0.36","grin-w94x35zp70l","92:18:7A:F3:8E:2D","F5","iM2Bo4sFk4vQ"
"10.191.2.55","blue-u2vpglmkjbw","93:A9:39:1E:91:B7","Arista","ptwmn4PeCc3Z"
"10.175.41.52","puncture-bj8t2sf","FC:27:37:F0:A2:C9","Ciena","ujAL5sAjfn4E"
"10.202.4.34","bored-y6s41nieam","8D:9B:0D:0F:13:F3","F5","PwFCs63jZZus"
"10.230.37.9","shrill-edus8it1m","60:17:6D:60:63:C6","Arista","LTRHZvuq38cc"
"10.58.15.2","start-n84jxmkh27","EF:CA:FD:1A:9F:75","Ciena","iumiyjUwKXga"
"10.89.7.48","gigantic-fdkc8wj","DE:54:F5:1A:75:4E","F5","acjicaMzr9JK"
"10.255.25.7","damaged-iomc0ypx","A3:A7:68:B3:B2:9F","Arista","wAz8JjhVYAxJ"
"10.27.7.3","stupendous-fy7v1","26:1E:99:4F:71:66","Ciena","n8zQhZFJw4uZ"
"10.63.27.13","reach-lbwd3f0eys","7D:6B:BC:3D:F8:8A","F5","gVMZ6PUDgNcu"
"10.140.40.48","second-hq043g5iz","14:B8:11:64:E5:35","Arista","AZvhNf2egB2k"
"10.35.4.51","adhesive-g5kce92","6D:7E:28:20:FC:55","Ciena","46eBe5vnVgf8"
"10.119.49.43","dislike-bl2j1zcm","63:90:26:00:B9:DA","F5","WvBKNyHbc4nC"
"10.95.40.35","insect-p3vqusl45","2F:D1:4B:86:A4:86","F5","m3QPGimQYzTk"
"10.245.9.29","sore-9vi15tl3sjc","BA:86:F1:08:72:9A","Arista","p2tt9kogV9RJ"
"10.81.41.17","powerful-g2wdfyh","92:75:CC:B5:62:97","Ciena","qoEm7x4URcgY"
"10.4.35.42","meeting-lwxpc375","64:0A:2F:A2:12:4B","Juniper","xNhAbyszMdWK"
"10.13.34.47","wink-8sjo7ytrbk2","7B:45:A2:58:AC:88","Cisco","WnYWgD5wbQHh"
"10.156.13.13","throne-fi5pdg3ax","E1:8F:CA:EA:9B:CB","EMC","fnPfAa8zKh3B"
"10.50.21.54","income-m461q80h7","75:9C:DD:CD:47:81","Synology","Nhhf7ewKqqCy"
"10.137.40.3","press-jr84x3w2ib","6C:38:FE:32:C0:0C","Arista","Zx8Rxymnip4V"
"10.158.42.6","discreet-0gx8csk","A4:4B:D3:BD:0F:75","Ciena","vwcbL738bPzX"
"10.177.53.32","way-o9zhux03qpsb","B8:04:1D:70:6A:C9","F5","AdpxJKLAxBzU"
"10.23.36.6","sin-60kxil5pauzf","29:E3:95:79:97:AD","Arista","9FJWWVUSrwmM"
"10.9.27.3","rule-mhkzs4crwa7","DE:3B:4B:62:FD:75","Ixia","m2oVBVwty4SV"
"10.198.30.52","colossal-dlgrak7","50:15:0A:7F:CA:ED","Netscout","t6zAHKA4BvFi"
"10.67.9.20","follow-a3tporkl9","C3:72:C3:13:6B:40","Spirent","e9mqiaa5H9pH"
"10.14.48.25","outrageous-pbd60","5F:30:91:42:12:A4","Cisco","28EHZZHF9Xc6"
"10.128.52.5","trains-29v4bx3hz","89:05:9C:AB:7B:A8","EMC","5b6H2Hds2UC2"
"10.162.23.14","standing-nwprluk","CD:DA:17:D0:87:FD","Synology","jPHpbYAYMeeL"
"10.200.43.11","thin-1jycsa6h937","46:3F:3D:87:2B:67","Arista","f7HZNEnpw7eE"
"10.15.27.17","rain-9csnoyqw67z","12:0B:2E:FF:61:83","Ciena","YMgsTr3vrEH8"
"10.13.39.11","bake-pq2rt7vbcdh","C2:41:A5:3D:77:BE","F5","DhZ4CPc9Vv2h"
"10.107.3.44","brake-v9r1fuqzmw","5E:08:B5:6A:C8:F9","Arista","RoHQMuN72L3i"
"10.123.2.7","chance-5ea0su6km","E0:E2:B3:F0:DD:6E","Ixia","mr7Jp7qUMdgc"
"10.40.33.4","cake-w1ijtmezuxb","4D:D6:CA:D1:8C:1B","Arista","VKZkxcviCKBs"
"10.143.25.52","color-tsb9r84uem","C8:EE:9C:C3:76:BD","Ciena","3HLCxxMy7Xn2"
"10.137.53.19","visit-jdey5zao71","6F:20:DB:1A:29:CE","F5","T4zEwBbPHv7K"
"10.181.35.5","promise-g6vkmtbe","80:31:28:F2:22:F2","Arista","aamAvbPww3VJ"
"10.206.24.37","alert-49g7i2bl6y","53:D8:63:17:7F:4A","Ixia","FkGrSAQg7m3k"
"10.49.1.35","knowledge-n1hm8j","78:64:B0:94:0B:8A","Netscout","TXQsrsbkrBm4"
"10.148.7.41","saw-uc0xi8evak7l","AF:6C:26:EF:94:2C","Spirent","iKsbYvwTtfMB"
"10.175.41.34","devilish-xuz6bha","D1:61:74:DA:0B:56","Cisco","niYSA8LGXC4C"
"10.135.7.3","marry-y790hq43go","1E:50:55:F2:F8:12","EMC","PQvVsqeoXEQY"
"10.151.14.34","bang-idf3xenjbc9","B9:87:36:25:6A:75","Spirent","ykAi3cMDqWAk"
"10.185.54.13","zipper-c634gjdmf","B6:97:86:B9:FF:BF","F5","ZnpMgSL9CgHw"
"10.115.3.30","stuff-k6ow1dbxl4","DC:7D:80:13:4B:6F","Arista","qgg3DxzVEHdu"
"10.211.21.46","suspect-dsfceatn","F1:07:BF:37:7F:2F","Ixia","8hE9MXYNqQR3"
"10.222.22.5","tremendous-z0v4s","4D:64:71:2F:51:87","F5","WQyrPfh7BNoH"
"10.223.10.45","steady-p5kwluvoa","75:9B:83:5C:BB:3F","Arista","UnQHQ4C8trDB"
"10.150.51.44","whole-zekn48sqph","48:FF:E4:4A:C0:8D","Ixia","CAAx9zwfwiFh"
"10.211.30.2","weight-mq5oy7lzf","A5:BF:D5:BE:2C:E3","Spirent","BgdF9mCTnfS7"
"10.170.45.51","swing-spxqv35kjm","45:B5:0D:FE:7E:75","Spirent","iBvHDd6diYUQ"
"10.206.14.50","juvenile-ekig352","8D:56:A8:5C:A0:FA","Arista","gJzUYoqEv6Yk"
"10.235.9.8","market-vo95t8bg2","CA:57:35:B3:80:6B","Ciena","AUi6WgE2y5LH"
"10.166.1.19","ordinary-7zx5lb2","F3:87:14:CC:3F:6F","F5","AwFBgtL97PNg"
"10.212.16.36","tacit-ybrdoi8kfz","9E:9B:19:95:94:16","F5","6YWbuYZd2yhf"
"10.78.51.9","curve-0pujlb9hyv","1D:7F:C7:90:74:CB","Arista","ABbRjvCefk5T"
"10.97.5.8","reaction-rkqd5iw","75:B9:CF:01:E1:4C","Ciena","8DDmRN5zXnMd"
"10.142.27.7","magenta-xbzvgpk2","EE:08:9A:29:45:37","Juniper","co8sUKzS4Bj5"
"10.95.45.3","pause-rjloz17sgf","4C:AF:7E:E2:F8:89","Cisco","ApWvjnTJ7faL"
"10.229.17.36","superb-p39ou4mki","C3:FE:3F:24:D3:A4","EMC","Sxetcqbvrsxo"
"10.14.4.49","elderly-gsi4fq81","51:42:B0:E6:20:14","Juniper","p9HnqgMgAVdB"
"10.14.42.53","blushing-lk1cfz2","6B:57:74:41:D8:7A","Cisco","qYNxfBKPdtig"
"10.124.46.26","crime-5mn7xe1o6k","72:1E:5D:1A:17:CC","Arista","jHUHuJ4VcPg4"
"10.34.15.52","number-7krx60fat","01:FF:7E:3D:06:25","Ciena","AptTkAWJajsW"
"10.38.55.34","account-maqdob8t","CF:C1:60:11:81:B1","F5","RKzXurAGoDXh"
"10.90.13.5","design-mhn6iwfsv","38:95:32:8B:8D:E3","EMC","jiCx4dPc823t"
"10.105.3.55","zippy-htuc3x47yj","ED:41:E0:E4:DC:4F","Synology","z3G7ihgePs9G"
"10.23.54.33","deranged-xa9stel","6F:B9:53:D5:42:54","Netgear","9F7VhdqRoYQi"
"10.56.44.36","colorful-0eluz74","DA:BB:F9:D3:8C:05","Fortinet","C6XCwgjV9oPd"
"10.69.17.34","vest-2aukr1clf3x","41:D3:42:9E:97:19","Juniper","caSuUh6g7UDE"
"10.93.28.17","subtract-r84dz7k","5A:C2:58:7C:74:86","Cisco","dHJMWdvaKQMa"
"10.126.50.17","flag-bsevgayulqx","E5:5F:D5:11:87:0B","Juniper","DfCTbjwLkcNM"
"10.156.3.13","plot-rpetwa2ysg0","E0:D5:37:1B:58:33","Cisco","557wZfnpdnsr"
"10.239.9.47","nervous-vyhfu67j","95:C9:82:1E:00:D3","Juniper","E2LeqC2usUHw"
"10.249.27.24","question-tcedk37","42:6C:66:2E:44:D4","Cisco","WxqCqjGsaRwH"
"10.84.26.32","test-by3n1cqzgme","26:7C:32:A5:28:CF","Juniper","4fbHkjDkCCKo"
"10.90.52.26","doll-vxhz9eb7nl6","E1:CA:FA:96:9C:4D","Cisco","rDm3TqC2bQCW"
"10.115.48.2","lock-gzk8s7cjvl1","DC:D7:1B:21:4E:A2","Juniper","6FU6XcVQj4Bh"
"10.244.2.47","high-zbsun2crg3v","60:B9:48:4C:45:CD","Cisco","sLKHVFBzBxFP"
"10.172.27.33","afraid-tngu5arxy","99:4C:BF:F4:4A:7F","EMC","xoTtViXHSxtm"
"10.130.36.3","escape-ox6mtj9fr","10:9C:3D:64:96:C0","Synology","t388iY8w8k6h"
"10.38.48.44","steadfast-spjwtd","5F:E2:E1:D0:07:1E","Arista","2Ckq5RtF869L"
"10.129.30.32","sheet-bmp4arjdw0","21:74:1F:F1:87:71","Ciena","KTwrQiqvvnds"
"10.101.17.41","art-0izugmbejpyw","5C:7D:49:FC:AD:A8","F5","KNrTDPKdLcrv"
"10.47.15.41","callous-86sqefig","CC:0F:F5:51:CD:E7","Arista","5TCTx6QUQwtm"
"10.224.6.38","gather-0p2x7o3bs","DD:27:8C:B9:34:4B","Ciena","QHxdkfhNNLJL"
"10.10.33.27","interest-et6a3zr","FC:89:08:11:31:29","F5","mNeu4wZMU34p"
"10.205.9.21","yellow-nc7doqi6m","5C:B0:9C:F4:2B:52","Arista","DLhbPhYyvnSn"
"10.194.11.42","wonder-f37poehng","7F:A5:89:42:5E:19","Ciena","Vsa8nqUK49gM"
"10.79.12.46","material-w37pf4x","CE:E9:50:DD:D9:75","F5","vzV4mPjptJjM"
"10.2.43.11","cow-t4v0c7n5ro23","C8:B9:11:77:50:E3","Synology","BtNeDDmPBbsd"
"10.60.14.9","twig-i1kv906l57n","06:59:B1:18:B7:06","Netgear","MiBDiBZguQ8j"
"10.32.22.37","country-3qe2vmog","B1:7B:25:0B:20:45","Fortinet","VcC6EWXwEed5"
"10.15.38.6","show-exyk1utqi56","6A:FB:F7:EA:35:8F","Juniper","jkpd9uXYEpmU"
"10.58.9.32","carriage-2b4sg16","B8:0D:2B:89:87:1D","Cisco","7YJHpAx9EViD"
"10.130.8.29","slow-gc3fslvb2q8","0C:16:BA:02:60:DD","Juniper","WYEctqUyCKJM"
"10.20.22.22","divergent-z7e01a","96:75:EB:58:8B:43","Cisco","BryzKVbVatyf"
"10.93.35.15","watch-9d5jnxeu06","F5:8C:E3:31:92:D1","Juniper","sHQvHAmRW6CW"
"10.29.14.27","adorable-wsoi5hj","BE:46:E1:D2:10:33","Cisco","JqLURPCjm66H"
"10.74.44.40","pump-bxwlqc4rf69","3B:00:7A:26:52:0C","Juniper","peUxic2VT3Nw"
"10.58.41.15","plant-exu3qnds7m","C4:61:EC:97:5B:6A","Cisco","egLdsiX9bHv8"
"10.199.19.44","song-1xys3jn9hi4","AC:F0:E1:8C:5E:9B","Juniper","YDNry9ab9bom"
"10.54.48.55","sofa-lb59xw0it6f","D2:06:D4:D4:EE:1C","Cisco","Has8sWK6Vsyy"
"10.224.18.49","level-kfjeuyg01m","47:DD:B0:90:2F:54","EMC","y4EmupJvdday"
"10.223.8.16","piquant-ry4ka59p","D7:D9:28:41:7C:A6","Synology","KRScV2Xjmb9w"
"10.188.1.5","skip-k50frzsgbla","69:A7:9D:0A:B3:0C","Arista","iQX87UYcjNa4"
"10.76.42.54","adamant-bxd3azu6","92:54:C7:65:81:E9","Ciena","XFQnf5t6nBVX"
"10.202.4.17","abortive-8nchvsb","D3:65:8A:09:FA:82","F5","xueAqJV5WVWT"
"10.71.47.0","wholesale-4hz7yp","5F:A9:6C:2F:5D:49","Arista","kMQuneKipwKC"
"10.159.0.4","door-i1sp2wfherc","42:84:45:BF:94:B4","Ciena","HtcreMLvsb3c"
"10.216.16.53","profit-901vrimyh","CB:BC:D6:BC:C4:8F","F5","geD5urF3UVHL"
"10.67.33.51","boundless-haovrl","FC:0F:A7:FC:B6:9B","Arista","SjkBpeUajVks"
"10.87.38.32","rhythm-935ghn4ab","C0:01:8F:46:E5:D3","Ciena","VkkPhF9ydtSa"
"10.120.12.21","conscious-m0bks9","88:0A:B4:23:7D:6B","F5","9SD4YatxzqAL"
"10.39.6.31","spicy-a6riogexpt","DB:EB:03:E9:0A:EA","Arista","v7SZQMobiXdc"
"10.162.8.8","squeak-w3erb5l1u","66:B3:D1:29:BD:AD","Ciena","RnP59WBfaLfS"
"10.197.18.54","event-jqfts6abk1","37:3C:15:5B:D0:08","F5","PdSQFvyabeA4"
"10.189.40.22","defective-1voest","A4:94:7D:F7:35:60","Arista","CA9JMHBY2Dv9"
"10.3.30.15","skillful-4b1srfd","5B:9B:36:75:E8:B4","Ciena","N55Fi3e89kFR"
"10.55.22.30","action-q8vl6orp9","84:78:6B:67:E2:8B","Juniper","cdVAtPfbzhxn"
"10.78.1.5","van-8v6yqos7h93p","B0:9F:E6:63:CF:A4","Cisco","CgSQQmmDez9Z"
"10.243.50.44","rock-svqg56ahzo4","4A:F8:4D:B5:71:AA","EMC","NVhK93xdkxkq"
"10.98.8.24","entertain-4fgxd7","3D:69:46:0F:5E:7B","Synology","vmNbj3fDPCu5"
"10.24.0.31","paddle-vrnykdgbz","E5:D4:EC:4A:21:CA","Arista","EhJRb9NYd3bx"
"10.96.53.13","organic-ae0umft5","1D:93:A4:15:5C:34","Ciena","aqjVvkCmm7kB"
"10.246.42.10","ambitious-5f0v3u","A4:B8:D6:BD:5B:43","F5","ySkpFgUVQ8di"
"10.188.2.11","questionable-bgu","6B:E7:4E:6B:E9:1A","Arista","wzni74TuComU"
"10.166.30.23","back-78ks3nbgltu","9C:E6:90:BF:D2:B5","Ciena","6BTzrr8ogCnN"
"10.42.8.18","veil-wmo7itd6g1y","99:35:29:DA:F6:97","F5","57c95vy3nyrV"
"10.177.33.55","son-mks60n4eu7gb","B7:E0:60:1E:40:F0","Arista","rW9anqYUcFuu"
"10.193.13.53","dear-ja623gfhxrl","E6:83:EC:CA:0E:3D","Ciena","zs9VfX3frb7z"
"10.208.12.55","preach-cxz670ny3","1F:E1:B9:ED:A0:3A","F5","eFccxkJTHW2j"
"10.250.4.51","rejoice-3vd6wjxo","D3:DF:4D:64:DF:12","Arista","V7Am2KXBTbw4"
"10.152.2.11","ruddy-ow1hifxgy2","37:14:E7:8E:B6:E6","Ciena","kFPJ4ohRz2Me"
"10.121.29.38","solid-42oxharp9c","8A:96:A5:0F:EF:50","F5","9jD4LAwaFSwN"
"10.117.8.43","crayon-taoq2ibxg","08:E3:9E:19:4E:D9","Arista","CKfNcXgZydgD"
"10.51.19.25","hellish-qo4zlbna","D5:EB:54:9F:2C:C4","Ciena","mZ742hVWkK4R"
"10.169.22.6","cable-pjkxu8ch9f","60:44:F7:E6:A4:2F","F5","E3rBuGRY32aX"
"10.168.23.14","camp-alivfyerm2c","16:B7:4C:D1:A2:86","F5","USrYLxQuBrVd"
"10.40.4.30","rude-7mnq548w1ic","67:8A:59:5D:12:77","Arista","UWaSkVFgZWb4"
"10.44.39.38","old-rl3si60nxk9f","53:29:42:2B:F3:7B","Ciena","cHZDwu8A4AL8"
"10.199.15.15","settle-o1jrkudm5","AE:7B:1C:F7:8F:2E","Juniper","oAGwas5pmXji"
"10.251.8.2","bottle-fj16dxnr2","06:49:FB:98:1B:26","Cisco","o5g2yZ3Qj4yy"
"10.131.0.3","love-1zqnia2dc6j","3B:05:A8:DB:0D:53","EMC","QCgQba99Tv4y"
"10.211.36.11","hook-6uzs2rig0ah","A4:A5:EC:83:19:42","Synology","K5bKLCoKcyJk"
"10.64.52.10","penitent-3op8qkf","DF:00:4C:9D:BD:DD","Arista","Zg6uxAhqzRJF"
"10.10.26.24","tall-i7zht61yv94","38:01:19:E6:BB:29","Ciena","bXduJavsmu7u"
"10.2.34.33","berserk-uz60q5yv","7B:51:A2:00:0A:82","F5","EMDx2t7Mn4XK"
"10.76.41.14","enthusiastic-08n","9A:E2:F5:86:64:D4","Arista","qCDtPACMEjVD"
"10.180.17.23","overjoyed-mtovya","C4:D4:1F:CB:4C:D6","Ixia","tYDMXHv9A4kg"
"10.11.8.1","force-q4gduv07xh","87:9B:A5:8C:7E:44","Netscout","DeLUyiUkmkGj"
"10.74.19.10","welcome-6kiv20sj","4C:DD:36:C2:16:D1","Spirent","yEQcmR5nTNVE"
"10.176.37.22","spell-jt3elnga78","E1:CC:BB:15:4A:77","Cisco","bZuEGwk7bnvE"
"10.67.50.52","verdant-hcs2z9re","D0:B4:96:4D:3C:BA","EMC","Rn9C4LPzZgGa"
"10.15.50.38","rainy-hjp2dr0iyw","28:F9:3F:D6:52:88","Synology","F8XhDJmsdiki"
"10.232.17.23","cave-c0xzahok9tl","F3:55:54:05:1B:B7","Arista","5CncubpeyNUf"
"10.52.48.26","supply-bioer0kc2","9C:01:E9:30:F0:01","Ciena","TwkSMnk6NjoL"
"10.201.5.22","grey-fowg5lxumdp","01:D8:51:F1:58:6C","F5","3m5sJVCh8ha2"
"10.88.39.30","surprise-zce75sf","48:AB:94:10:44:7B","Arista","F8LkLBsMR2Gv"
"10.185.34.49","bizarre-j2kiz0h1","04:D9:FE:58:4D:42","Ixia","Ta46XnzvnMnK"
"10.166.53.47","dam-sl3fbvmg62te","D1:40:05:D5:36:91","Arista","42HWjw3pkXn3"
"10.196.53.43","reflective-5l3hd","EF:73:47:66:F9:B6","Ciena","sHnRxjPvmWEc"
"10.103.35.5","ablaze-ydu83l7r5","11:D4:7A:AD:6E:0D","F5","hhDzqED6tQhc"
"10.29.0.7","scrawny-3stcq1fw","82:28:95:DF:10:D8","Arista","2jBdQbeHVLLW"
"10.0.7.29","place-2ifmvjou9p","7D:E9:B1:97:C0:35","Ixia","ZwzkuzFNA27D"
"10.226.12.31","mine-md5loya78ct","1C:07:B2:B4:7A:C4","Netscout","43Crt9Ug7Z7j"
"10.92.55.9","distinct-bfkpr19","80:41:52:9A:B0:33","Spirent","RaxL2AhFY8qd"
"10.232.23.19","obsequious-jyq5v","24:0E:22:3D:0C:75","Cisco","zLUyBVFRYAqi"
"10.62.18.44","parsimonious-1fl","BD:B7:8F:23:29:DE","EMC","5VtbjJCDEijB"
"10.142.10.2","try-k6m0gwdnoe28","D9:1C:72:7E:53:D9","Spirent","8Pi3K3c72gkt"
"10.243.18.17","greedy-drgy4fnvw","BB:F6:D4:69:34:A7","F5","CGVYHkwP72Tn"
"10.145.34.6","stage-gkmdi863wh","C3:92:B8:07:F3:2A","Arista","yrFuSLB3jdp2"
"10.240.30.32","dogs-9sv5d70r8ay","52:36:9E:56:8F:E4","Ixia","ktRpqLos27eA"
"10.225.6.42","develop-x6pkvr7h","F4:FC:6E:12:F5:C3","F5","EkLWLNrQzGZG"
"10.219.10.44","summer-t58rfci06","9E:1A:83:F9:74:BB","Arista","AXpcXesyugpJ"
"10.56.53.55","advise-oh0nc8quk","50:BF:31:C8:46:88","Ixia","RZ4bNrFrLhmS"
"10.253.26.55","befitting-xck5ar","57:0E:EF:17:6D:36","Spirent","xjrNpezhVWRj"
"10.59.16.0","egg-fpm43qiro1yw","3C:AD:23:2B:2E:3E","Spirent","D3miLAJmkmYt"
"10.200.33.50","quiet-i6px5yge94","E8:12:A9:A1:14:F7","Arista","7UDvvn2nuE58"
"10.125.32.15","button-xz578p1cm","E8:83:1A:17:E4:9A","Ciena","zbF98KT6FQgi"
"10.166.46.47","modern-gokj7a8u4","D4:46:67:2D:1E:8B","F5","hAhH5NmyuX7B"
"10.21.32.52","remove-firthpzen","EC:45:17:A3:B7:5E","F5","jZPJWh2pYbqm"
"10.32.29.55","ten-ptkcr8ae95d1","7D:57:66:AA:5D:1F","Arista","gVesDy7APNyX"
"10.52.42.17","staking-6y2awh03","30:B4:7C:5C:96:2E","Ciena","PtWeUQLwFQVy"
"10.169.45.48","tricky-te4uwngd9","FF:94:DA:10:65:33","Juniper","bUcmsUs9yyLG"
"10.112.29.1","cobweb-toqkjngu7","63:58:A7:31:2A:7C","Cisco","Tz66NnpZSPDE"
"10.161.54.36","donkey-h2poqmluk","3D:CC:1B:8A:D5:1B","EMC","eaW2PP8dDcqx"
"10.87.28.43","clumsy-k12uevf90","58:52:8D:64:3F:A5","Juniper","WGaxZgS6HmJK"
"10.213.16.1","TRUE-q3vkzo1ty29","98:3D:F6:D4:0F:B8","Cisco","G5bE43JnB4T9"
"10.113.16.11","separate-8h7vw13","5F:BF:AB:C7:5A:38","Arista","y3FzbLwYNCCi"
"10.173.44.17","decorate-rcjnb9h","49:C7:1E:D4:B4:A2","Ciena","rhiBFTfsRJEH"
"10.68.19.45","wild-tkvlb0xy8z9","FE:C5:A6:43:B2:63","F5","i96NQMj9Q9HY"
"10.68.25.31","ski-x5ydaf4ionhu","65:7E:D2:2D:7E:8A","EMC","XPYzbGZaWPzc"
"10.210.55.5","free-o97nd6ue4ym","9A:7C:65:7C:4C:5C","Synology","X5bvjwtw58Lx"
"10.51.17.43","regret-eid8zm24n","5C:25:4F:2E:2D:69","Netgear","2aAjDBMN6N3M"
"10.73.39.21","grateful-fc6ltz7","D1:20:7B:EF:D4:2B","Fortinet","w7BEkdyhcu7N"
"10.106.26.8","mute-dqrm6gzp38a","DF:A7:0F:35:FA:70","Juniper","WvqCvHJYrym9"
"10.7.40.47","table-ure9jcgnh2","46:FC:62:84:45:A7","Cisco","vQEKouXXscGe"
"10.87.45.3","afford-lnh4g3vu1","C1:77:18:04:2C:F5","Juniper","UVkBBBswGC55"
"10.58.8.53","long-c07v86bafre","39:D1:3B:24:4E:14","Cisco","tj9gg8QbysuB"
"10.96.23.48","extra-large-2on9","F9:ED:05:9C:7B:81","Juniper","D9jRzUDrPQJA"
"10.158.27.27","purple-ba0goc9vh","B5:B2:72:76:7B:70","Cisco","bDgTuPMbJdcZ"
"10.90.30.27","superficial-h5v9","6E:28:7C:35:35:6F","Juniper","aqQin8xmjbjn"
"10.21.35.33","look-sh2ylfjmuto","BC:36:67:AD:D2:2F","Cisco","Sxtyre5RzamS"
"10.214.18.44","kind-35avtw7q4xs","C2:15:F7:E2:25:F3","Juniper","Fd7eRpZUsy3D"
"10.219.19.31","can-2t3rgnsi867z","3F:59:14:55:02:2F","Cisco","PmrhyWMNcvHu"
"10.253.6.33","cycle-ge5r0o6lm1","68:FF:78:00:8A:A9","EMC","cMz9RC5geJGr"
"10.26.52.26","crawl-nkcwqz3tgv","A8:0C:E6:CE:9F:3C","Synology","X4NZnGCWngTw"
"10.85.3.27","engine-a8dpo02rt","72:E9:3A:DF:20:6F","Arista","8TYXQzPAAExX"
"10.152.22.16","tendency-75tmzad","F0:A1:CE:8B:6A:D1","Ciena","JeVnUGLWyXo8"
"10.171.26.14","giants-qlnm94aku","33:32:F7:A5:43:D6","F5","3TrmywfGxYxj"
"10.92.25.36","hulking-qakh46f7","16:35:BD:A6:0F:32","Arista","mXWar9w7rqkn"
"10.88.17.19","harmony-6x45az3o","39:17:F8:1A:99:0A","Ciena","UCthDXsGSohV"
"10.132.31.52","rescue-mbtzo0v46","C0:B0:3E:B4:CE:34","F5","4oJ7FxdDBbKg"
"10.122.53.31","unwritten-iule7b","BF:11:9F:32:89:52","Arista","ZdLkaYywctPg"
"10.79.2.30","interfere-w2fnec","6D:0B:C6:93:36:C2","Ciena","pEXxq6KNzoE6"
"10.133.41.15","volcano-92zfgbu7","A0:AF:74:79:80:A0","F5","oSnkhjdwAkf9"
"10.85.35.1","face-cb6l0ur3kdm","6D:A7:4B:79:9A:AD","Synology","BorH78AqBzEb"
"10.228.40.10","panoramic-6he1r0","1B:CE:9F:D5:00:23","Netgear","SeQApGscPkJY"
"10.79.4.38","hushed-pgdb8fe2j","16:3A:89:66:0D:B4","Fortinet","BpPoSC5P53yh"
"10.52.33.2","cute-9ogx0nk5l83","AC:25:E5:CD:7D:CF","Juniper","AGcAB6CiqN6R"
"10.242.47.5","fanatical-lijn0m","08:00:15:E8:D4:95","Cisco","UFNAFHKUe763"
"10.153.9.46","fairies-ftgvyo0b","BA:E8:6B:E6:C6:F5","Juniper","4yS8rkWaVGnA"
"10.86.48.24","realise-n80j4yu1","5F:7D:EB:08:3C:D3","Cisco","CX8E9TYjdkqK"
"10.115.55.37","fool-2ajcyde63bs","BF:AF:34:C0:2B:29","Juniper","NLb9DZbJei8W"
"10.6.46.24","alcoholic-yeumzl","70:FF:D2:12:C3:B6","Cisco","gtGHq5yyzcom"
"10.93.3.23","identify-z54b1h9","C3:20:65:2E:24:08","Juniper","6sfRVobsqbkQ"
"10.29.44.42","jeans-7teuwvizlj","B7:F0:9F:30:68:3D","Cisco","4TnmAU5dE3hC"
"10.251.14.43","seemly-ozdxi7yju","B4:5F:A0:FD:04:38","Juniper","B7Ns4375sYn2"
"10.100.6.37","industry-l2ek9gy","8A:A6:F3:D9:F0:B9","Cisco","YxhY9m5BfH8B"
"10.131.25.45","spot-ioxrgyw9432","45:85:06:93:B0:19","EMC","WqGTDT2XQdZV"
"10.117.51.20","suck-5twkcx2li0o","A0:E5:1B:79:F6:71","Synology","MLZT3BENctSV"
"10.63.7.51","gorgeous-1jgy5uh","C3:B9:E3:42:9F:EC","Arista","f9z7fgTX8g8A"
"10.160.45.11","sign-x9fsykjd3ur","3D:B2:0C:DB:4F:7D","Ciena","jT5QcraZaocR"
"10.40.44.21","same-qc2xr4eadb7","C3:D8:8D:2A:A9:08","F5","d8f3BKRSh4Bi"
"10.64.9.55","common-eokfrgm21","04:A2:27:B5:44:87","Arista","bwiDwkccJTKW"
"10.198.44.42","pink-ye9rkl3vf57","4A:E2:A5:61:4A:20","Ciena","mNEtT9RvkVuS"
"10.188.55.10","female-zaw86vc73","BC:BD:49:3D:F5:0C","F5","XJyQrEd9GqjK"
"10.47.46.22","zealous-50gmk68c","3F:66:F2:AC:D3:38","Arista","dbNVtLLiC4xe"
"10.33.5.50","smelly-macwogyj7","AF:1A:B6:65:E5:97","Ciena","odhMVMDgMgbD"
"10.156.14.17","pine-0fqlu5p7ynt","0E:0A:55:C7:F3:8C","F5","4XyfAPernCQP"
"10.20.37.32","macho-shquxkre8o","E8:77:2A:3C:0D:12","Arista","5hQgdsCJK7ue"
"10.216.1.52","shoe-4caltz5s18g","E2:B5:AF:EF:CB:79","Ciena","zMLwmMKaAfQa"
"10.98.2.22","stingy-ok3bmwpdf","71:E6:A0:EF:DE:9A","F5","SjWZMNUaimK5"
"10.200.47.30","blue-eyed-wv3pdb","4F:94:06:AE:04:C1","Arista","BUUeqNMSFD3e"
"10.129.39.21","endurable-3uoqgl","1C:FC:F6:55:33:C2","Ciena","NN5nEriQHU4k"
"10.195.33.21","pop-2snoa91yjx46","1A:A5:FF:2B:DA:46","Juniper","Wk2PyuYrNKxo"
"10.217.2.39","abaft-yqvi1cf3lb","97:31:37:59:04:77","Cisco","vDfaGz4ACqAT"
"10.193.2.44","pocket-6udkiyo2t","DA:D5:88:E5:D2:64","EMC","M9NpAY48UfVQ"
"10.96.29.2","boundary-s65vnej","9F:D4:89:47:7A:42","Synology","t39CoXdK2Kfj"
"10.120.54.11","dry-domzaqxwfe63","87:C0:27:AD:CA:7F","Arista","58qSKtFPTJTR"
"10.92.27.18","queen-q6c5vugdry","B8:3F:F0:9A:4C:81","Ciena","EEFHeX4LpZoq"
"10.23.22.42","glove-eb9gn4yswu","F1:D4:31:28:0F:58","F5","49XTJcfhwhLs"
"10.136.13.52","bumpy-j8mg2btans","64:38:82:99:1A:53","Arista","7cVyHMgxM6zH"
"10.201.25.11","comparison-9io8z","09:3B:33:1D:82:30","Ciena","r2uEgZxQMepD"
"10.102.19.14","best-kbwpoha71uv","1C:8C:98:A6:5B:E4","F5","VXopZuU2iCbt"
"10.213.25.55","brother-cg6qr4dj","62:2C:CC:4E:04:1D","Arista","pe4LxDSJd6QZ"
"10.30.17.18","important-18eqh6","F9:87:9B:16:F8:31","Ciena","oJXFYYceioef"
"10.59.13.2","bruise-jniakhz0s","15:DF:23:58:EA:A9","F5","2RrqGBFPVqLe"
"10.172.40.40","trail-qzdpxcm62g","CB:32:AB:7D:EC:38","Arista","hPWJazr79jtg"
"10.104.55.2","poised-hta1pu9eg","71:5C:86:1E:CA:B8","Ciena","35zApq53jhuu"
"10.237.4.41","question-exq1r9k","69:F1:74:E3:38:77","F5","PaZEKdRgkpnX"
"10.135.44.30","creature-pi4m0cf","C0:AA:C7:ED:35:AF","Arista","FrfU2JBGFWWk"
"10.199.1.18","unfasten-2k48vi9","06:A5:BE:9B:0A:E4","Ciena","vg5QzNeX3EzG"
"10.35.28.46","delight-dwhum438","2E:98:A7:F1:0A:F1","F5","pNiCRpAfqhrp"
"10.75.50.19","scribble-qk9zg3y","66:24:06:FC:78:73","F5","LBGanXL6VsjS"
"10.89.36.9","flat-43h92om58ta","4B:7D:F4:D2:C6:72","Arista","CRwMmXZZJgPJ"
"10.140.6.40","bead-cjyks9g83vz","B8:69:BB:C4:19:02","Ciena","q44ACo2peS4p"
"10.12.6.31","fragile-wrnlt3uq","58:8F:7F:A4:53:08","Juniper","DEiC4g4ADWPp"
"10.242.2.55","alleged-7vu5fgda","68:E6:41:AC:F7:40","Cisco","Vspb5r4xziVH"
"10.89.33.32","bad-e92u6gavhf30","24:90:D2:C5:E6:A1","EMC","LXQTjeD9LZCC"
"10.252.32.3","fog-yqxe5c3ik0z4","E0:B3:C3:3A:EE:08","Synology","BWyxYbFTiYyb"
"10.86.47.5","grip-okgjwuv49lf","25:94:84:38:9B:CE","Arista","sJfadp7sd4uG"
"10.58.32.54","sail-2j5wvo8hzgk","A8:20:45:74:AE:60","Ciena","H7yxVGcsruMY"
"10.79.42.43","wave-m1y6tzxfg9a","CE:AF:D1:C8:9F:85","F5","MoCeyouhckqx"
"10.132.16.7","skate-lz7fesjaw5","A7:D2:32:7C:67:F2","Arista","qy7TEAYfF38J"
"10.141.55.0","drain-ge01mpr893","9E:3F:12:18:05:95","Ixia","Gvj5zpoYtRSo"
"10.83.9.9","unbecoming-1f540","27:DE:B6:DD:18:AE","Netscout","QYa5miNEMbd2"
"10.36.18.10","mass-we0aiq8rvy4","B8:DC:3B:B7:81:ED","Spirent","gi9uwXSvDzmf"
"10.191.2.2","title-p68oc2fkaj","51:50:79:B8:6E:6C","Cisco","pWdByWp2cUaM"
"10.195.21.0","defeated-kpzjsh9","27:82:51:2F:09:2A","EMC","VYrCs5fedbfw"
"10.50.36.52","hot-r1gho2vckxqj","42:BC:84:CB:DB:39","Synology","84HrorcMqZ2Z"
"10.76.8.35","lethal-np6zfiq2e","58:61:11:FF:A3:BF","Arista","2iowqsznooki"
"10.245.18.45","guide-pbd3n75zlx","1D:EE:EB:BE:3F:76","Ciena","CKMLEeNqedSZ"
"10.39.2.51","post-p2la094yfd8","2B:CD:9C:4D:B6:EA","F5","MHZcgAzKSYPq"
"10.85.21.11","heavenly-upj0zsf","92:88:63:ED:C3:40","Arista","8sKxv78eCuQg"
"10.165.20.49","branch-b5uoyp86x","69:DF:4A:92:7A:3F","Ixia","ZY394YL7a6ub"
"10.78.33.22","balance-a1397ov5","F7:E9:EF:DC:08:E1","Arista","U6n8yfM6vEp7"
"10.103.11.32","lazy-1kx7c0s9le2","7A:34:5D:EB:46:F3","Ciena","Y5QxthwoRzHR"
"10.84.17.34","chemical-9yb5dqj","79:35:2A:08:4A:96","F5","XnLp3G6GWNs3"
"10.148.38.55","hop-t6k2puajby08","36:B7:76:2C:63:26","Arista","62r8vhGL75uU"
"10.150.41.52","explode-lsqy7gob","07:6B:92:CE:E4:D1","Ixia","aMvmsRf4dWWJ"
"10.250.45.47","ill-v0db8l52yuc7","68:E1:5B:28:64:DD","Netscout","jhFYVghUejmk"
"10.0.29.35","curly-5pof7sw34t","10:90:56:18:2F:6B","Spirent","VrQ8F5bfeTWJ"
"10.246.8.53","taste-q453ait09x","94:9A:F7:5B:F2:FC","Cisco","RQEjEgyu32nN"
"10.176.10.54","belligerent-r8yk","65:18:D0:72:27:24","EMC","CS35aKWsmXwh"
"10.23.10.28","fact-xhkdpbwa1ql","0D:B6:DB:3E:13:15","Spirent","mrgLge4QAQAC"
"10.166.54.31","angle-5h7pm8l2qt","94:F1:47:F5:05:D3","F5","cR33HbTxcthg"
"10.57.5.49","abusive-ldabyi12","E4:38:40:0E:39:EE","Arista","5nKDrsd4uN7g"
"10.10.14.4","tan-93yjdpwhzqvc","C5:C7:4F:C3:EA:CC","Ixia","EYNg3a7Nhr8n"
"10.63.4.45","nappy-agetw6xckb","7D:F4:29:50:10:E5","F5","XUUYKZ9ywJPe"
"10.142.15.52","hum-0sma98q6bivd","17:D1:34:58:46:56","Arista","7xQdiUY9sMjE"
"10.51.10.30","wiry-qa21n90p6mb","97:08:28:A2:11:49","Ixia","pdDM8BXGW4hB"
"10.68.37.0","nerve-da5evlhmbi","DE:95:FD:3C:8D:05","Spirent","9qreAGQNgMBC"
"10.31.11.44","icicle-8csaj5zpf","6B:3F:ED:C2:4C:F9","Spirent","JPdESSXYWDyP"
"10.6.55.49","work-4ax7jlzw9pg","68:FA:8C:18:C2:EE","Arista","teXpUh5hxQYT"
"10.147.46.20","square-3oqpbxyt4","FC:B4:F9:65:CA:56","Ciena","9qmc2nvSM6V2"
"10.117.40.22","bow-6kz1vqrms0wj","E5:1B:CF:67:1B:5D","F5","ZAuFvtq73zev"
"10.70.49.52","treatment-4238z0","26:55:AE:F7:B6:17","F5","9FejmkvbJNSM"
"10.74.49.39","nine-xk6j4yvd2no","CD:12:E9:15:89:6E","Arista","C4idp5qr4Vsk"
"10.124.31.22","marked-9ovuj3sex","94:1A:DB:78:4D:7F","Ciena","RgNQRGq32L8o"
"10.197.46.36","complex-jhtqi43v","80:41:1B:09:C8:36","Juniper","UYdT2tmF4tEH"
"10.84.36.38","entertaining-wk0","DD:BE:CF:2F:A1:30","Cisco","DsFFzkHmGTei"
"10.236.13.45","sloppy-htr5x87ap","18:E7:1F:7B:FE:36","EMC","PXrEit6gUyKr"
"10.102.19.33","cracker-x20qdio4","A2:D2:9A:AA:B3:BE","Cisco","hWYmdAoKEzWF"
"10.91.37.45","achiever-emnophl","28:55:23:C3:A3:10","Cisco","6RMinJXbaYc8"
"10.89.3.24","thinkable-qbcmws","72:F8:5F:C7:82:71","Cisco","2JP6Y63wS9Aa"
"10.125.8.30","pet-8uca3ytksqe4","09:95:41:CB:DD:27","Cisco","pEKK8scCU8eQ"
"10.81.26.23","willing-3i8lyvuk","40:0E:A0:27:2E:C2","Juniper","V9fjBrdDE6MK"
"10.95.0.15","print-xahe5nfb9k","A3:FC:83:D5:81:8F","Juniper","sV7zQQ7Se7oe"
"10.220.1.21","probable-1xnwcot","DA:7B:29:39:D0:8D","Arista","ApJVHduV7p9q"
"10.147.32.34","groovy-mkgw72xer","C0:C2:DA:3D:F8:29","Arista","Fzh73RS77G79"
